split,trial_id,skipped,mask_file,image_size,target_max_dim,rotation_deg,dx,dy,obj_munsell,order,correct_label,resample_attempts_total,resample_attempts_tint,resample_attempts_object,initial_path,cand1_path,cand2_path,tint_lab,bg_lab_pre,obj_lab_pre,obj_lab_post_init,bg_lab_post_init,obj_rgb_pre,bg_rgb_pre,tint_rgb,obj_rgb_post_init,bg_rgb_post_init,candA_obj_rgb,candB_obj_rgb,cand_bg_rgb
train,1,0,apple2.png,512x512,374,-59.101023593,-13,-7,7.5P 7/8,A_first,1,1,1,1,train/trial_000001/initial.png,train/trial_000001/cand1.png,train/trial_000001/cand2.png,"[80.0, 0.0, 20.0]","[60.0, 0.0, 0.0]","[70.86085, 30.61204, -22.82631]","[71.01514, 29.6867, -0.27657]","[60.00114, -0.00192, 15.83421]","[210, 155, 215]","[145, 145, 145]","[213, 197, 161]","[225, 154, 175]","[156, 144, 117]","[210, 155, 215]","[225, 154, 175]","[145, 145, 145]"
train,2,0,apple3.png,512x512,374,41.4418226611,-11,1,10R 4/6,B_first,0,2,1,2,train/trial_000002/initial.png,train/trial_000002/cand1.png,train/trial_000002/cand2.png,"[80.0, -10.0, 0.0]","[60.0, 0.0, 0.0]","[40.7365, 26.61113, 19.3855]","[39.17217, 18.66212, 16.9991]","[60.00106, -7.91781, 0.00094]","[144, 78, 66]","[145, 145, 145]","[178, 204, 198]","[129, 80, 66]","[129, 149, 144]","[144, 78, 66]","[129, 80, 66]","[145, 145, 145]"
train,3,0,apple1.png,512x512,443,52.0218597651,7,-7,7.5P 5/2,A_first,1,1,1,1,train/trial_000003/initial.png,train/trial_000003/cand1.png,train/trial_000003/cand2.png,"[80.0, -20.0, 0.0]","[60.0, 0.0, 0.0]","[51.00375, 9.6232, -7.98504]","[50.42431, -4.97941, -8.83835]","[60.00104, -15.83418, 0.00088]","[132, 117, 135]","[145, 145, 145]","[155, 209, 198]","[102, 123, 135]","[112, 153, 144]","[132, 117, 135]","[102, 123, 135]","[145, 145, 145]"
train,4,0,apple1.png,512x512,363,52.4768501635,12,10,10B 5/6,B_first,0,1,1,1,train/trial_000004/initial.png,train/trial_000004/cand1.png,train/trial_000004/cand2.png,"[80.0, -15.0, 0.0]","[60.0, 0.0, 0.0]","[51.00375, -4.96488, -26.47173]","[52.06379, -11.1026, -24.63684]","[60.00105, -11.876, 0.00091]","[76, 126, 166]","[145, 145, 145]","[166, 207, 198]","[63, 132, 166]","[121, 151, 144]","[76, 126, 166]","[63, 132, 166]","[145, 145, 145]"
train,5,0,apple2.png,512x512,423,-18.9950648699,-10,2,2.5B 5/6,B_first,0,1,1,1,train/trial_000005/initial.png,train/trial_000005/cand1.png,train/trial_000005/cand2.png,"[80.0, 0.0, -20.0]","[60.0, 0.0, 0.0]","[51.00375, -18.08474, -20.0312]","[52.48069, -9.11007, -34.73474]","[60.00102, -0.00082, -15.8323]","[42, 132, 155]","[145, 145, 145]","[177, 200, 235]","[37, 133, 184]","[129, 146, 172]","[42, 132, 155]","[37, 133, 184]","[145, 145, 145]"
train,6,0,apple2.png,512x512,444,-29.3430808416,-3,5,2.5RP 4/6,A_first,1,1,1,1,train/trial_000006/initial.png,train/trial_000006/cand1.png,train/trial_000006/cand2.png,"[80.0, 0.0, 15.0]","[60.0, 0.0, 0.0]","[40.7365, 28.73486, -11.6698]","[41.13975, 29.17766, -0.48235]","[60.00113, -0.00181, 11.87592]","[133, 78, 116]","[145, 145, 145]","[210, 197, 171]","[141, 78, 99]","[153, 144, 124]","[133, 78, 116]","[141, 78, 99]","[145, 145, 145]"
train,7,0,apple3.png,512x512,400,-23.3250511184,9,4,5GY 6/2,B_first,0,1,1,1,train/trial_000007/initial.png,train/trial_000007/cand1.png,train/trial_000007/cand2.png,"[80.0, 10.0, 0.0]","[60.0, 0.0, 0.0]","[61.0465, -4.13808, 9.6473]","[61.00998, 4.11584, 9.63525]","[60.00112, 7.91495, 0.00107]","[147, 149, 130]","[145, 145, 145]","[217, 192, 199]","[161, 144, 130]","[159, 140, 145]","[147, 149, 130]","[161, 144, 130]","[145, 145, 145]"
train,8,0,apple1.png,512x512,405,4.12088974094,8,-6,2.5PB 5/6,A_first,1,1,1,1,train/trial_000008/initial.png,train/trial_000008/cand1.png,train/trial_000008/cand2.png,"[80.0, 10.0, 0.0]","[60.0, 0.0, 0.0]","[51.00375, 0.01081, -27.54854]","[50.43174, 4.91788, -28.56719]","[60.00112, 7.91495, 0.00107]","[88, 124, 168]","[145, 145, 145]","[217, 192, 199]","[98, 120, 168]","[159, 140, 145]","[88, 124, 168]","[98, 120, 168]","[145, 145, 145]"
train,9,0,apple1.png,512x512,387,-55.2106418317,-1,-9,7.5Y 8/8,B_first,0,1,1,1,train/trial_000009/initial.png,train/trial_000009/cand1.png,train/trial_000009/cand2.png,"[80.0, 0.0, -5.0]","[60.0, 0.0, 0.0]","[80.52685, -5.18539, 55.34974]","[80.23225, -7.12877, 52.75241]","[60.00107, -0.0013, -3.95732]","[222, 200, 93]","[145, 145, 145]","[194, 199, 208]","[217, 200, 97]","[141, 145, 151]","[222, 200, 93]","[217, 200, 97]","[145, 145, 145]"
train,10,0,apple2.png,512x512,432,-26.790896482,-1,-4,10Y 4/2,A_first,1,2,1,2,train/trial_000010/initial.png,train/trial_000010/cand1.png,train/trial_000010/cand2.png,"[80.0, 0.0, 5.0]","[60.0, 0.0, 0.0]","[40.7365, -1.64507, 11.50869]","[40.80776, -1.19369, 14.03865]","[60.0011, -0.00157, 3.95932]","[101, 96, 77]","[145, 145, 145]","[202, 198, 189]","[103, 96, 73]","[148, 144, 138]","[101, 96, 77]","[103, 96, 73]","[145, 145, 145]"
train,11,0,apple2.png,512x512,410,-24.189472113,6,-11,5Y 7/4,A_first,1,1,1,1,train/trial_000011/initial.png,train/trial_000011/cand1.png,train/trial_000011/cand2.png,"[80.0, 5.0, 0.0]","[60.0, 0.0, 0.0]","[70.86085, 0.85916, 25.84102]","[71.05642, 6.06109, 26.19401]","[60.0011, 3.95675, 0.00104]","[192, 171, 127]","[145, 145, 145]","[208, 195, 199]","[201, 169, 127]","[152, 142, 145]","[192, 171, 127]","[201, 169, 127]","[145, 145, 145]"
train,12,0,apple3.png,512x512,419,19.2848439211,4,1,2.5B 7/6,A_first,1,1,1,1,train/trial_000012/initial.png,train/trial_000012/cand1.png,train/trial_000012/cand2.png,"[80.0, 5.0, 0.0]","[60.0, 0.0, 0.0]","[70.86085, -18.43003, -19.11225]","[70.29097, -15.66575, -20.05418]","[60.0011, 3.95675, 0.00104]","[104, 185, 207]","[145, 145, 145]","[208, 195, 199]","[110, 182, 208]","[152, 142, 145]","[104, 185, 207]","[110, 182, 208]","[145, 145, 145]"
train,13,0,apple3.png,512x512,448,12.2644456065,-8,-1,2.5G 8/2,B_first,0,1,1,1,train/trial_000013/initial.png,train/trial_000013/cand1.png,train/trial_000013/cand2.png,"[80.0, -10.0, 0.0]","[60.0, 0.0, 0.0]","[80.52685, -7.96842, 2.49362]","[80.82555, -17.39262, 2.944]","[60.00106, -7.91781, 0.00094]","[186, 204, 195]","[145, 145, 145]","[178, 204, 198]","[166, 210, 195]","[129, 149, 144]","[186, 204, 195]","[166, 210, 195]","[145, 145, 145]"
train,14,0,apple1.png,512x512,445,58.8811469472,-3,-5,7.5G 6/2,A_first,1,3,1,3,train/trial_000014/initial.png,train/trial_000014/cand1.png,train/trial_000014/cand2.png,"[80.0, 20.0, 0.0]","[60.0, 0.0, 0.0]","[61.0465, -7.85824, -0.67972]","[60.30699, 6.94554, -1.8357]","[60.00115, 15.83133, 0.00114]","[131, 152, 148]","[145, 145, 145]","[235, 185, 199]","[156, 141, 149]","[172, 135, 145]","[131, 152, 148]","[156, 141, 149]","[145, 145, 145]"
train,15,0,apple2.png,512x512,423,22.193474418,12,-4,10B 6/8,A_first,1,2,1,2,train/trial_000015/initial.png,train/trial_000015/cand1.png,train/trial_000015/cand2.png,"[80.0, -10.0, 0.0]","[60.0, 0.0, 0.0]","[61.0465, -7.56727, -34.1887]","[62.03716, -11.69002, -32.47901]","[60.00106, -7.91781, 0.00094]","[78, 154, 207]","[145, 145, 145]","[178, 204, 198]","[69, 159, 207]","[129, 149, 144]","[78, 154, 207]","[69, 159, 207]","[145, 145, 145]"
train,16,0,apple2.png,512x512,457,40.8636784636,7,-6,10PB 4/2,B_first,0,1,1,1,train/trial_000016/initial.png,train/trial_000016/cand1.png,train/trial_000016/cand2.png,"[80.0, 10.0, 0.0]","[60.0, 0.0, 0.0]","[40.7365, 7.30192, -11.69385]","[40.86134, 12.97679, -11.54085]","[60.00112, 7.91495, 0.00107]","[99, 93, 115]","[145, 145, 145]","[217, 192, 199]","[109, 90, 115]","[159, 140, 145]","[99, 93, 115]","[109, 90, 115]","[145, 145, 145]"
train,17,0,apple1.png,512x512,422,21.2300819949,1,13,5R 6/4,B_first,0,1,1,1,train/trial_000017/initial.png,train/trial_000017/cand1.png,train/trial_000017/cand2.png,"[80.0, 0.0, -10.0]","[60.0, 0.0, 0.0]","[61.0465, 19.33918, 4.66659]","[60.61647, 17.85886, -3.71387]","[60.00106, -0.00114, -7.91564]","[183, 135, 140]","[145, 145, 145]","[189, 199, 217]","[175, 135, 153]","[137, 145, 158]","[183, 135, 140]","[175, 135, 153]","[145, 145, 145]"
train,18,0,apple3.png,512x512,455,-3.83427289586,-2,-12,2.5BG 7/2,A_first,1,2,1,2,train/trial_000018/initial.png,train/trial_000018/cand1.png,train/trial_000018/cand2.png,"[80.0, -15.0, 0.0]","[60.0, 0.0, 0.0]","[70.86085, -7.37602, -3.3443]","[71.39948, -19.38283, -2.48652]","[60.00105, -11.876, 0.00091]","[155, 178, 179]","[145, 145, 145]","[166, 207, 198]","[130, 185, 179]","[121, 151, 144]","[155, 178, 179]","[130, 185, 179]","[145, 145, 145]"
train,19,0,apple2.png,512x512,397,-16.4573793069,-2,-7,5P 3/10,B_first,0,1,1,1,train/trial_000019/initial.png,train/trial_000019/cand1.png,train/trial_000019/cand2.png,"[80.0, 20.0, 0.0]","[60.0, 0.0, 0.0]","[30.37867, 39.07817, -34.97595]","[32.85228, 46.24563, -31.14934]","[60.00115, 15.83133, 0.00114]","[103, 47, 127]","[145, 145, 145]","[235, 185, 199]","[123, 43, 127]","[172, 135, 145]","[103, 47, 127]","[123, 43, 127]","[145, 145, 145]"
train,20,0,apple3.png,512x512,435,-2.2672008025,-10,-1,5RP 5/4,B_first,0,1,1,1,train/trial_000020/initial.png,train/trial_000020/cand1.png,train/trial_000020/cand2.png,"[80.0, 0.0, -10.0]","[60.0, 0.0, 0.0]","[51.00375, 19.66196, -4.68981]","[50.73304, 19.01484, -12.57004]","[60.00106, -0.00114, -7.91564]","[151, 110, 130]","[145, 145, 145]","[189, 199, 217]","[144, 110, 142]","[137, 145, 158]","[151, 110, 130]","[144, 110, 142]","[145, 145, 145]"
train,21,0,apple1.png,512x512,449,-51.4965128881,9,-2,2.5RP 8/2,A_first,1,1,1,1,train/trial_000021/initial.png,train/trial_000021/cand1.png,train/trial_000021/cand2.png,"[80.0, -5.0, 0.0]","[60.0, 0.0, 0.0]","[80.52685, 9.55023, -5.86907]","[80.36303, 4.32765, -6.11429]","[60.00108, -3.95963, 0.00097]","[213, 194, 211]","[145, 145, 145]","[188, 201, 198]","[202, 197, 211]","[137, 147, 144]","[213, 194, 211]","[202, 197, 211]","[145, 145, 145]"
train,22,0,apple1.png,512x512,437,47.6723709725,-4,3,10P 9/4,B_first,0,1,8,1,train/trial_000022/initial.png,train/trial_000022/cand1.png,train/trial_000022/cand2.png,"[80.0, -20.0, 0.0]","[60.0, 0.0, 0.0]","[90.18132, 18.55464, -11.16645]","[88.90553, -5.34982, -13.08948]","[60.00104, -15.83418, 0.00088]","[253, 216, 249]","[145, 145, 145]","[155, 209, 198]","[198, 227, 248]","[112, 153, 144]","[253, 216, 249]","[198, 227, 248]","[145, 145, 145]"
train,23,0,apple3.png,512x512,415,25.7725655229,7,11,2.5BG 6/4,B_first,0,1,1,1,train/trial_000023/initial.png,train/trial_000023/cand1.png,train/trial_000023/cand2.png,"[80.0, 0.0, -20.0]","[60.0, 0.0, 0.0]","[61.0465, -18.27571, -3.06606]","[61.78265, -14.47123, -18.33619]","[60.00102, -0.00082, -15.8323]","[105, 157, 152]","[145, 145, 145]","[177, 200, 235]","[93, 158, 181]","[129, 146, 172]","[105, 157, 152]","[93, 158, 181]","[145, 145, 145]"
train,24,0,apple3.png,512x512,403,2.77254784294,11,-10,2.5BG 5/2,A_first,1,1,1,1,train/trial_000024/initial.png,train/trial_000024/cand1.png,train/trial_000024/cand2.png,"[80.0, -20.0, 0.0]","[60.0, 0.0, 0.0]","[51.00375, -7.24208, -3.04183]","[51.68663, -19.06748, -1.95494]","[60.00104, -15.83418, 0.00088]","[105, 125, 126]","[145, 145, 145]","[155, 209, 198]","[80, 133, 126]","[112, 153, 144]","[105, 125, 126]","[80, 133, 126]","[145, 145, 145]"
train,25,0,apple2.png,512x512,416,-57.0952985735,2,-9,5RP 2/8,A_first,1,1,1,1,train/trial_000025/initial.png,train/trial_000025/cand1.png,train/trial_000025/cand2.png,"[80.0, 5.0, 0.0]","[60.0, 0.0, 0.0]","[20.23558, 37.15112, -12.33803]","[21.13535, 38.67524, -10.91981]","[60.0011, 3.95675, 0.00104]","[90, 19, 68]","[145, 145, 145]","[208, 195, 199]","[95, 18, 68]","[152, 142, 145]","[90, 19, 68]","[95, 18, 68]","[145, 145, 145]"
train,26,0,apple2.png,512x512,458,-56.865977526,5,10,10YR 6/6,B_first,0,1,1,1,train/trial_000026/initial.png,train/trial_000026/cand1.png,train/trial_000026/cand2.png,"[80.0, 5.0, 0.0]","[60.0, 0.0, 0.0]","[61.0465, 11.44082, 35.43969]","[61.52668, 16.49949, 36.21577]","[60.0011, 3.95675, 0.00104]","[185, 138, 85]","[145, 145, 145]","[208, 195, 199]","[194, 136, 85]","[152, 142, 145]","[185, 138, 85]","[194, 136, 85]","[145, 145, 145]"
train,27,0,apple2.png,512x512,381,-52.0884509754,1,10,10R 5/4,B_first,0,3,1,3,train/trial_000027/initial.png,train/trial_000027/cand1.png,train/trial_000027/cand2.png,"[80.0, -15.0, 0.0]","[60.0, 0.0, 0.0]","[51.00375, 18.18665, 11.22901]","[49.50011, 4.78493, 8.87369]","[60.00105, -11.876, 0.00091]","[158, 110, 103]","[145, 145, 145]","[166, 207, 198]","[132, 114, 103]","[121, 151, 144]","[158, 110, 103]","[132, 114, 103]","[145, 145, 145]"
train,28,0,apple3.png,512x512,360,2.21234049313,6,-5,5P 3/4,B_first,0,1,1,1,train/trial_000028/initial.png,train/trial_000028/cand1.png,train/trial_000028/cand2.png,"[80.0, 0.0, 5.0]","[60.0, 0.0, 0.0]","[30.37867, 17.7726, -17.36765]","[30.35556, 17.41334, -14.23912]","[60.0011, -0.00157, 3.95932]","[86, 63, 99]","[145, 145, 145]","[202, 198, 189]","[88, 62, 94]","[148, 144, 138]","[86, 63, 99]","[88, 62, 94]","[145, 145, 145]"
train,29,0,apple2.png,512x512,420,10.8965233121,-1,3,5PB 4/8,A_first,1,1,1,1,train/trial_000029/initial.png,train/trial_000029/cand1.png,train/trial_000029/cand2.png,"[80.0, -5.0, 0.0]","[60.0, 0.0, 0.0]","[40.7365, 6.30282, -37.01594]","[41.01257, 4.64272, -36.50863]","[60.00108, -3.95963, 0.00097]","[58, 96, 157]","[145, 145, 145]","[188, 201, 198]","[55, 98, 157]","[137, 147, 144]","[58, 96, 157]","[55, 98, 157]","[145, 145, 145]"
train,30,0,apple3.png,512x512,407,34.4224478339,1,-14,10R 3/10,B_first,0,1,1,1,train/trial_000030/initial.png,train/trial_000030/cand1.png,train/trial_000030/cand2.png,"[80.0, 0.0, -15.0]","[60.0, 0.0, 0.0]","[30.37867, 43.07212, 34.48953]","[28.29493, 39.46576, 29.31234]","[60.00104, -0.00099, -11.87397]","[137, 32, 19]","[145, 145, 145]","[183, 200, 226]","[126, 33, 23]","[133, 145, 165]","[137, 32, 19]","[126, 33, 23]","[145, 145, 145]"
train,31,0,apple1.png,512x512,450,30.5006318882,1,5,2.5P 3/8,A_first,1,1,1,1,train/trial_000031/initial.png,train/trial_000031/cand1.png,train/trial_000031/cand2.png,"[80.0, -10.0, 0.0]","[60.0, 0.0, 0.0]","[30.37867, 28.48247, -32.16401]","[29.69148, 24.37804, -33.19279]","[60.00106, -7.91781, 0.00094]","[89, 56, 122]","[145, 145, 145]","[178, 204, 198]","[79, 58, 122]","[129, 149, 144]","[89, 56, 122]","[79, 58, 122]","[145, 145, 145]"
train,32,0,apple1.png,512x512,449,-56.0993039734,-5,-5,10PB 4/10,B_first,0,1,1,1,train/trial_000032/initial.png,train/trial_000032/cand1.png,train/trial_000032/cand2.png,"[80.0, 0.0, -10.0]","[60.0, 0.0, 0.0]","[40.7365, 26.90598, -41.46158]","[41.31864, 30.00182, -49.72808]","[60.00106, -0.00114, -7.91564]","[101, 83, 164]","[145, 145, 145]","[189, 199, 217]","[96, 84, 180]","[137, 145, 158]","[101, 83, 164]","[96, 84, 180]","[145, 145, 145]"
train,33,0,apple2.png,512x512,427,-38.0785458632,-4,-1,7.5B 8/6,B_first,0,1,1,1,train/trial_000033/initial.png,train/trial_000033/cand1.png,train/trial_000033/cand2.png,"[80.0, 0.0, 20.0]","[60.0, 0.0, 0.0]","[80.52685, -11.11723, -25.434]","[79.32993, -18.50646, -2.83774]","[60.00114, -0.00192, 15.83421]","[142, 208, 247]","[145, 145, 145]","[213, 197, 161]","[153, 207, 201]","[156, 144, 117]","[142, 208, 247]","[153, 207, 201]","[145, 145, 145]"
train,34,0,apple3.png,512x512,438,-2.16887510233,13,7,10PB 3/6,B_first,0,1,1,1,train/trial_000034/initial.png,train/trial_000034/cand1.png,train/trial_000034/cand2.png,"[80.0, 10.0, 0.0]","[60.0, 0.0, 0.0]","[30.37867, 18.31396, -28.09252]","[30.64193, 22.30634, -27.75491]","[60.00112, 7.91495, 0.00107]","[76, 63, 115]","[145, 145, 145]","[217, 192, 199]","[84, 61, 116]","[159, 140, 145]","[76, 63, 115]","[84, 61, 116]","[145, 145, 145]"
train,35,0,apple3.png,512x512,446,-22.7484051184,12,2,5PB 7/4,B_first,0,1,1,1,train/trial_000035/initial.png,train/trial_000035/cand1.png,train/trial_000035/cand2.png,"[80.0, -15.0, 0.0]","[60.0, 0.0, 0.0]","[70.86085, 3.91074, -18.89676]","[71.10447, -8.05795, -18.40955]","[60.00105, -11.876, 0.00091]","[162, 173, 208]","[145, 145, 145]","[166, 207, 198]","[136, 180, 207]","[121, 151, 144]","[162, 173, 208]","[136, 180, 207]","[145, 145, 145]"
train,36,0,apple3.png,512x512,438,-18.5463062355,-9,-9,7.5BG 5/4,B_first,0,1,1,1,train/trial_000036/initial.png,train/trial_000036/cand1.png,train/trial_000036/cand2.png,"[80.0, 0.0, 15.0]","[60.0, 0.0, 0.0]","[51.00375, -15.04485, -9.03481]","[50.46307, -18.25942, 1.70111]","[60.00113, -0.00181, 11.87592]","[79, 129, 136]","[145, 145, 145]","[210, 197, 171]","[84, 129, 117]","[153, 144, 124]","[79, 129, 136]","[84, 129, 117]","[145, 145, 145]"
train,37,0,apple2.png,512x512,450,29.3585167461,4,2,5PB 5/6,A_first,1,1,1,1,train/trial_000037/initial.png,train/trial_000037/cand1.png,train/trial_000037/cand2.png,"[80.0, 0.0, 15.0]","[60.0, 0.0, 0.0]","[51.00375, 4.85348, -27.90236]","[50.29659, 0.56239, -14.99923]","[60.00113, -0.00181, 11.87592]","[100, 121, 169]","[145, 145, 145]","[210, 197, 171]","[106, 120, 145]","[153, 144, 124]","[100, 121, 169]","[106, 120, 145]","[145, 145, 145]"
train,38,0,apple3.png,512x512,433,-32.4888309461,4,8,2.5RP 3/8,B_first,0,2,1,2,train/trial_000038/initial.png,train/trial_000038/cand1.png,train/trial_000038/cand2.png,"[80.0, 0.0, -15.0]","[60.0, 0.0, 0.0]","[30.37867, 38.45765, -15.73878]","[29.67613, 38.15642, -26.21907]","[60.00104, -0.00099, -11.87397]","[116, 44, 97]","[145, 145, 145]","[183, 200, 226]","[107, 44, 111]","[133, 145, 165]","[116, 44, 97]","[107, 44, 111]","[145, 145, 145]"
train,39,0,apple3.png,512x512,399,-30.1339090211,3,4,2.5P 7/8,B_first,0,1,1,1,train/trial_000039/initial.png,train/trial_000039/cand1.png,train/trial_000039/cand2.png,"[80.0, 0.0, -10.0]","[60.0, 0.0, 0.0]","[70.86085, 23.19415, -31.42125]","[71.12801, 25.19283, -42.65481]","[60.00106, -0.00114, -7.91564]","[187, 161, 231]","[145, 145, 145]","[189, 199, 217]","[178, 162, 252]","[137, 145, 158]","[187, 161, 231]","[178, 162, 252]","[145, 145, 145]"
train,40,0,apple2.png,512x512,431,48.984610484,-1,9,10BG 3/2,B_first,0,1,1,1,train/trial_000040/initial.png,train/trial_000040/cand1.png,train/trial_000040/cand2.png,"[80.0, 5.0, 0.0]","[60.0, 0.0, 0.0]","[30.37867, -5.64947, -7.11826]","[30.1929, -3.76098, -7.42568]","[60.0011, 3.95675, 0.00104]","[55, 75, 82]","[145, 145, 145]","[208, 195, 199]","[58, 73, 82]","[152, 142, 145]","[55, 75, 82]","[58, 73, 82]","[145, 145, 145]"
train,41,0,apple2.png,512x512,446,12.9076875772,-9,-4,7.5Y 6/2,B_first,0,1,1,1,train/trial_000041/initial.png,train/trial_000041/cand1.png,train/trial_000041/cand2.png,"[80.0, 10.0, 0.0]","[60.0, 0.0, 0.0]","[61.0465, 0.27173, 11.78227]","[61.23621, 8.93794, 12.12407]","[60.00112, 7.91495, 0.00107]","[156, 146, 127]","[145, 145, 145]","[217, 192, 199]","[172, 142, 127]","[159, 140, 145]","[156, 146, 127]","[172, 142, 127]","[145, 145, 145]"
train,42,0,apple2.png,512x512,444,26.4447577211,0,11,5BG 2/4,A_first,1,1,1,1,train/trial_000042/initial.png,train/trial_000042/cand1.png,train/trial_000042/cand2.png,"[80.0, -10.0, 0.0]","[60.0, 0.0, 0.0]","[20.23558, -14.52343, -6.49726]","[20.90531, -15.73394, -5.41576]","[60.00106, -7.91781, 0.00094]","[3, 55, 58]","[145, 145, 145]","[178, 204, 198]","[2, 57, 58]","[129, 149, 144]","[3, 55, 58]","[2, 57, 58]","[145, 145, 145]"
train,43,0,apple2.png,512x512,376,-10.6559783777,-11,-6,5Y 8/8,B_first,0,1,1,1,train/trial_000043/initial.png,train/trial_000043/cand1.png,train/trial_000043/cand2.png,"[80.0, 0.0, 15.0]","[60.0, 0.0, 0.0]","[80.52685, -0.10322, 54.14839]","[81.40187, 4.98851, 61.88364]","[60.00113, -0.00181, 11.87592]","[230, 197, 96]","[145, 145, 145]","[210, 197, 171]","[243, 196, 81]","[153, 144, 124]","[230, 197, 96]","[243, 196, 81]","[145, 145, 145]"
train,44,0,apple1.png,512x512,380,56.7229473063,2,2,10YR 6/6,B_first,0,1,1,1,train/trial_000044/initial.png,train/trial_000044/cand1.png,train/trial_000044/cand2.png,"[80.0, -15.0, 0.0]","[60.0, 0.0, 0.0]","[61.0465, 11.44082, 35.43969]","[59.64511, -4.70894, 33.16615]","[60.00105, -11.876, 0.00091]","[185, 138, 85]","[145, 145, 145]","[166, 207, 198]","[155, 144, 85]","[121, 151, 144]","[185, 138, 85]","[155, 144, 85]","[145, 145, 145]"
train,45,0,apple3.png,512x512,406,-6.10763827229,-2,4,7.5Y 7/8,A_first,1,1,1,1,train/trial_000045/initial.png,train/trial_000045/cand1.png,train/trial_000045/cand2.png,"[80.0, 20.0, 0.0]","[60.0, 0.0, 0.0]","[70.86085, -4.58854, 55.30864]","[71.69169, 17.03911, 57.19526]","[60.00115, 15.83133, 0.00114]","[195, 173, 68]","[145, 145, 145]","[235, 185, 199]","[231, 162, 68]","[172, 135, 145]","[195, 173, 68]","[231, 162, 68]","[145, 145, 145]"
train,46,0,apple2.png,512x512,459,1.57507836394,-8,9,10RP 3/10,A_first,1,1,1,1,train/trial_000046/initial.png,train/trial_000046/cand1.png,train/trial_000046/cand2.png,"[80.0, 5.0, 0.0]","[60.0, 0.0, 0.0]","[30.37867, 49.82355, 3.11258]","[31.77456, 51.84126, 5.25723]","[60.0011, 3.95675, 0.00104]","[138, 21, 69]","[145, 145, 145]","[208, 195, 199]","[145, 21, 69]","[152, 142, 145]","[138, 21, 69]","[145, 21, 69]","[145, 145, 145]"
train,47,0,apple2.png,512x512,360,-11.2236635201,-2,-2,10P 8/4,B_first,0,1,1,1,train/trial_000047/initial.png,train/trial_000047/cand1.png,train/trial_000047/cand2.png,"[80.0, 0.0, -5.0]","[60.0, 0.0, 0.0]","[80.52685, 17.35861, -10.5531]","[80.47613, 17.36423, -16.13981]","[60.00107, -0.0013, -3.95732]","[224, 190, 220]","[145, 145, 145]","[194, 199, 208]","[219, 190, 230]","[141, 145, 151]","[224, 190, 220]","[219, 190, 230]","[145, 145, 145]"
train,48,0,apple2.png,512x512,424,6.6437608855,0,6,10GY 6/8,A_first,1,1,1,1,train/trial_000048/initial.png,train/trial_000048/cand1.png,train/trial_000048/cand2.png,"[80.0, 15.0, 0.0]","[60.0, 0.0, 0.0]","[61.0465, -34.65432, 29.77261]","[59.46452, -25.66911, 27.74724]","[60.00113, 11.87314, 0.0011]","[99, 162, 93]","[145, 145, 145]","[226, 189, 199]","[113, 154, 93]","[166, 137, 145]","[99, 162, 93]","[113, 154, 93]","[145, 145, 145]"
train,49,0,apple1.png,512x512,452,-36.0181387197,7,1,5BG 5/2,A_first,1,1,1,1,train/trial_000049/initial.png,train/trial_000049/cand1.png,train/trial_000049/cand2.png,"[80.0, -10.0, 0.0]","[60.0, 0.0, 0.0]","[51.00375, -6.78323, -4.78993]","[51.3661, -12.69568, -4.20527]","[60.00106, -7.91781, 0.00094]","[104, 125, 129]","[145, 145, 145]","[178, 204, 198]","[92, 129, 129]","[129, 149, 144]","[104, 125, 129]","[92, 129, 129]","[145, 145, 145]"
train,50,0,apple3.png,512x512,372,-28.5080721898,-4,-5,2.5BG 8/4,A_first,1,1,1,1,train/trial_000050/initial.png,train/trial_000050/cand1.png,train/trial_000050/cand2.png,"[80.0, -15.0, 0.0]","[60.0, 0.0, 0.0]","[80.52685, -17.91593, -3.11189]","[81.6827, -29.50549, -1.29657]","[60.00105, -11.876, 0.00091]","[157, 210, 205]","[145, 145, 145]","[166, 207, 198]","[132, 219, 204]","[121, 151, 144]","[157, 210, 205]","[132, 219, 204]","[145, 145, 145]"
train,51,0,apple1.png,512x512,411,17.3702380631,7,-13,7.5RP 9/2,B_first,0,1,2,1,train/trial_000051/initial.png,train/trial_000051/cand1.png,train/trial_000051/cand2.png,"[80.0, 0.0, 5.0]","[60.0, 0.0, 0.0]","[90.18132, 10.22622, -4.32595]","[90.22802, 10.31677, 1.48538]","[60.0011, -0.00157, 3.95932]","[243, 221, 235]","[145, 145, 145]","[202, 198, 189]","[248, 220, 225]","[148, 144, 138]","[243, 221, 235]","[248, 220, 225]","[145, 145, 145]"
train,52,0,apple3.png,512x512,441,8.78439336663,-3,-7,5PB 4/6,B_first,0,1,1,1,train/trial_000052/initial.png,train/trial_000052/cand1.png,train/trial_000052/cand2.png,"[80.0, 0.0, -5.0]","[60.0, 0.0, 0.0]","[40.7365, 5.07545, -28.35185]","[41.01647, 6.68526, -32.00224]","[60.00107, -0.0013, -3.95732]","[73, 96, 142]","[145, 145, 145]","[194, 199, 208]","[71, 96, 149]","[141, 145, 151]","[73, 96, 142]","[71, 96, 149]","[145, 145, 145]"
train,53,0,apple2.png,512x512,424,9.49311696491,-1,7,2.5PB 6/6,B_first,0,3,1,3,train/trial_000053/initial.png,train/trial_000053/cand1.png,train/trial_000053/cand2.png,"[80.0, 0.0, 5.0]","[60.0, 0.0, 0.0]","[61.0465, -0.23476, -27.05474]","[60.77628, -1.86223, -22.34653]","[60.0011, -0.00157, 3.95932]","[115, 150, 195]","[145, 145, 145]","[202, 198, 189]","[118, 149, 186]","[148, 144, 138]","[115, 150, 195]","[118, 149, 186]","[145, 145, 145]"
train,54,0,apple2.png,512x512,451,24.4181538047,-5,-3,2.5PB 3/2,A_first,1,1,1,1,train/trial_000054/initial.png,train/trial_000054/cand1.png,train/trial_000054/cand2.png,"[80.0, -5.0, 0.0]","[60.0, 0.0, 0.0]","[30.37867, 1.10161, -12.103]","[30.46597, -0.91362, -11.94256]","[60.00108, -3.95963, 0.00097]","[62, 72, 90]","[145, 145, 145]","[188, 201, 198]","[59, 73, 90]","[137, 147, 144]","[62, 72, 90]","[59, 73, 90]","[145, 145, 145]"
train,55,0,apple3.png,512x512,398,-38.4306377795,-2,-11,5B 6/4,B_first,0,4,1,4,train/trial_000055/initial.png,train/trial_000055/cand1.png,train/trial_000055/cand2.png,"[80.0, 0.0, 15.0]","[60.0, 0.0, 0.0]","[61.0465, -8.68648, -15.80505]","[60.44921, -12.25499, -2.68836]","[60.00113, -0.00181, 11.87592]","[111, 153, 175]","[145, 145, 145]","[210, 197, 171]","[118, 152, 150]","[153, 144, 124]","[111, 153, 175]","[118, 152, 150]","[145, 145, 145]"
train,56,0,apple1.png,512x512,413,55.2851175287,-3,0,5P 4/10,A_first,1,3,1,3,train/trial_000056/initial.png,train/trial_000056/cand1.png,train/trial_000056/cand2.png,"[80.0, 0.0, 5.0]","[60.0, 0.0, 0.0]","[40.7365, 35.71216, -33.80552]","[40.67556, 35.00487, -29.52588]","[60.0011, -0.00157, 3.95932]","[126, 75, 152]","[145, 145, 145]","[202, 198, 189]","[129, 75, 145]","[148, 144, 138]","[126, 75, 152]","[129, 75, 145]","[145, 145, 145]"
train,57,0,apple3.png,512x512,385,-52.6960331281,-4,-11,10GY 9/2,A_first,1,1,2,1,train/trial_000057/initial.png,train/trial_000057/cand1.png,train/trial_000057/cand2.png,"[80.0, 10.0, 0.0]","[60.0, 0.0, 0.0]","[90.18132, -7.50552, 5.684]","[89.93896, 3.29889, 5.33469]","[60.00112, 7.91495, 0.00107]","[216, 231, 216]","[145, 145, 145]","[217, 192, 199]","[237, 224, 216]","[159, 140, 145]","[216, 231, 216]","[237, 224, 216]","[145, 145, 145]"
train,58,0,apple1.png,512x512,432,14.7209807894,-4,8,2.5P 7/2,A_first,1,2,1,2,train/trial_000058/initial.png,train/trial_000058/cand1.png,train/trial_000058/cand2.png,"[80.0, 5.0, 0.0]","[60.0, 0.0, 0.0]","[70.86085, 7.70267, -10.03585]","[70.95066, 12.19236, -9.91513]","[60.0011, 3.95675, 0.00104]","[179, 170, 192]","[145, 145, 145]","[208, 195, 199]","[188, 167, 192]","[152, 142, 145]","[179, 170, 192]","[188, 167, 192]","[145, 145, 145]"
train,59,0,apple1.png,512x512,386,-46.6003871622,-7,8,7.5GY 9/2,A_first,1,3,1,3,train/trial_000059/initial.png,train/trial_000059/cand1.png,train/trial_000059/cand2.png,"[80.0, 0.0, 15.0]","[60.0, 0.0, 0.0]","[90.18132, -5.97513, 8.55353]","[90.24119, -5.35109, 24.02145]","[60.00113, -0.00181, 11.87592]","[222, 230, 210]","[145, 145, 145]","[210, 197, 171]","[235, 229, 181]","[153, 144, 124]","[222, 230, 210]","[235, 229, 181]","[145, 145, 145]"
train,60,0,apple2.png,512x512,392,43.1307967418,-1,10,5GY 2/2,A_first,1,1,1,1,train/trial_000060/initial.png,train/trial_000060/cand1.png,train/trial_000060/cand2.png,"[80.0, 0.0, -5.0]","[60.0, 0.0, 0.0]","[20.23558, -3.72563, 6.3971]","[20.21621, -3.91811, 4.77432]","[60.00107, -0.0013, -3.95732]","[47, 50, 39]","[145, 145, 145]","[194, 199, 208]","[46, 50, 42]","[141, 145, 151]","[47, 50, 39]","[46, 50, 42]","[145, 145, 145]"
train,61,0,apple2.png,512x512,383,-48.3436929913,11,6,7.5RP 8/4,B_first,0,1,1,1,train/trial_000061/initial.png,train/trial_000061/cand1.png,train/trial_000061/cand2.png,"[80.0, 0.0, -20.0]","[60.0, 0.0, 0.0]","[80.52685, 18.99626, -2.92414]","[79.92003, 17.21337, -24.63261]","[60.00102, -0.00082, -15.8323]","[233, 188, 206]","[145, 145, 145]","[177, 200, 235]","[208, 189, 244]","[129, 146, 172]","[233, 188, 206]","[208, 189, 244]","[145, 145, 145]"
train,62,0,apple3.png,512x512,426,24.0563635279,-8,-1,5R 3/4,A_first,1,1,1,1,train/trial_000062/initial.png,train/trial_000062/cand1.png,train/trial_000062/cand2.png,"[80.0, -20.0, 0.0]","[60.0, 0.0, 0.0]","[30.37867, 22.01495, 6.79108]","[28.00809, 8.93876, 3.11229]","[60.00104, -15.83418, 0.00088]","[106, 57, 62]","[145, 145, 145]","[155, 209, 198]","[81, 61, 62]","[112, 153, 144]","[106, 57, 62]","[81, 61, 62]","[145, 145, 145]"
train,63,0,apple1.png,512x512,399,42.0896104022,-9,-11,2.5BG 5/2,A_first,1,1,1,1,train/trial_000063/initial.png,train/trial_000063/cand1.png,train/trial_000063/cand2.png,"[80.0, 0.0, -5.0]","[60.0, 0.0, 0.0]","[51.00375, -7.24208, -3.04183]","[51.08987, -6.81422, -6.51346]","[60.00107, -0.0013, -3.95732]","[105, 125, 126]","[145, 145, 145]","[194, 199, 208]","[102, 126, 132]","[141, 145, 151]","[105, 125, 126]","[102, 126, 132]","[145, 145, 145]"
train,64,0,apple1.png,512x512,414,32.9721724792,-10,-1,5PB 3/4,B_first,0,4,1,4,train/trial_000064/initial.png,train/trial_000064/cand1.png,train/trial_000064/cand2.png,"[80.0, 0.0, -20.0]","[60.0, 0.0, 0.0]","[30.37867, 4.32931, -21.45533]","[31.25191, 9.2395, -33.11069]","[60.00102, -0.00082, -15.8323]","[57, 71, 105]","[145, 145, 145]","[177, 200, 235]","[50, 72, 125]","[129, 146, 172]","[57, 71, 105]","[50, 72, 125]","[145, 145, 145]"
train,65,0,apple2.png,512x512,437,4.00287487902,0,13,7.5YR 2/2,B_first,0,1,1,1,train/trial_000065/initial.png,train/trial_000065/cand1.png,train/trial_000065/cand2.png,"[80.0, -10.0, 0.0]","[60.0, 0.0, 0.0]","[20.23558, 6.96115, 8.50133]","[19.80189, 2.22264, 7.8125]","[60.00106, -7.91781, 0.00094]","[63, 45, 37]","[145, 145, 145]","[178, 204, 198]","[55, 46, 37]","[129, 149, 144]","[63, 45, 37]","[55, 46, 37]","[145, 145, 145]"
train,66,0,apple2.png,512x512,454,-48.7272070841,11,9,10GY 2/4,B_first,0,1,1,1,train/trial_000066/initial.png,train/trial_000066/cand1.png,train/trial_000066/cand2.png,"[80.0, 0.0, -20.0]","[60.0, 0.0, 0.0]","[20.23558, -14.85453, 9.75978]","[20.40717, -14.63326, 4.35369]","[60.00102, -0.00082, -15.8323]","[30, 54, 34]","[145, 145, 145]","[177, 200, 235]","[25, 55, 42]","[129, 146, 172]","[30, 54, 34]","[25, 55, 42]","[145, 145, 145]"
train,67,0,apple1.png,512x512,418,46.501109022,14,-1,5R 7/8,B_first,0,1,1,1,train/trial_000067/initial.png,train/trial_000067/cand1.png,train/trial_000067/cand2.png,"[80.0, 0.0, -10.0]","[60.0, 0.0, 0.0]","[70.86085, 35.69876, 13.39586]","[69.96799, 32.99048, 3.96492]","[60.00106, -0.00114, -7.91564]","[241, 147, 151]","[145, 145, 145]","[189, 199, 217]","[230, 148, 165]","[137, 145, 158]","[241, 147, 151]","[230, 148, 165]","[145, 145, 145]"
train,68,0,apple2.png,512x512,426,-12.2021655422,-4,9,5Y 5/8,A_first,1,1,1,1,train/trial_000068/initial.png,train/trial_000068/cand1.png,train/trial_000068/cand2.png,"[80.0, 0.0, -20.0]","[60.0, 0.0, 0.0]","[51.00375, 2.55615, 55.1598]","[49.63519, -5.54563, 52.54622]","[60.00102, -0.00082, -15.8323]","[148, 118, 9]","[145, 145, 145]","[177, 200, 235]","[132, 119, 13]","[129, 146, 172]","[148, 118, 9]","[132, 119, 13]","[145, 145, 145]"
train,69,0,apple2.png,512x512,435,22.7453492854,3,-4,5YR 2/2,B_first,0,1,1,1,train/trial_000069/initial.png,train/trial_000069/cand1.png,train/trial_000069/cand2.png,"[80.0, 0.0, 10.0]","[60.0, 0.0, 0.0]","[20.23558, 8.59825, 7.04438]","[20.47076, 9.49359, 10.56678]","[60.00112, -0.0017, 7.91762]","[64, 44, 39]","[145, 145, 145]","[206, 198, 180]","[67, 44, 34]","[151, 144, 131]","[64, 44, 39]","[67, 44, 34]","[145, 145, 145]"
train,70,0,apple2.png,512x512,390,34.6640172501,2,2,2.5BG 9/8,B_first,0,1,1,1,train/trial_000070/initial.png,train/trial_000070/cand1.png,train/trial_000070/cand2.png,"[80.0, 0.0, 10.0]","[60.0, 0.0, 0.0]","[90.18132, -41.34804, -2.59417]","[89.56902, -44.98742, 7.59221]","[60.00112, -0.0017, 7.91762]","[113, 249, 230]","[145, 145, 145]","[206, 198, 180]","[118, 248, 209]","[151, 144, 131]","[113, 249, 230]","[118, 248, 209]","[145, 145, 145]"
train,71,0,apple1.png,512x512,395,54.5748075386,5,-1,7.5GY 6/4,B_first,0,1,1,1,train/trial_000071/initial.png,train/trial_000071/cand1.png,train/trial_000071/cand2.png,"[80.0, 0.0, -5.0]","[60.0, 0.0, 0.0]","[61.0465, -14.02737, 17.40141]","[61.02679, -14.41436, 14.17892]","[60.00107, -0.0013, -3.95732]","[134, 154, 116]","[145, 145, 145]","[194, 199, 208]","[131, 154, 122]","[141, 145, 151]","[134, 154, 116]","[131, 154, 122]","[145, 145, 145]"
train,72,0,apple1.png,512x512,374,-12.2942183132,-8,-8,7.5PB 8/4,B_first,0,1,1,1,train/trial_000072/initial.png,train/trial_000072/cand1.png,train/trial_000072/cand2.png,"[80.0, 0.0, 5.0]","[60.0, 0.0, 0.0]","[80.52685, 7.6023, -19.16116]","[80.41341, 6.84145, -13.48561]","[60.0011, -0.00157, 3.95932]","[196, 197, 235]","[145, 145, 145]","[202, 198, 189]","[200, 196, 225]","[148, 144, 138]","[196, 197, 235]","[200, 196, 225]","[145, 145, 145]"
train,73,0,apple1.png,512x512,369,19.1252895502,-3,-5,7.5PB 4/6,A_first,1,1,1,1,train/trial_000073/initial.png,train/trial_000073/cand1.png,train/trial_000073/cand2.png,"[80.0, 20.0, 0.0]","[60.0, 0.0, 0.0]","[40.7365, 11.46275, -28.09285]","[40.60747, 21.05463, -28.49603]","[60.00115, 15.83133, 0.00114]","[88, 92, 142]","[145, 145, 145]","[235, 185, 199]","[106, 86, 143]","[172, 135, 145]","[88, 92, 142]","[106, 86, 143]","[145, 145, 145]"
train,74,0,apple3.png,512x512,439,31.3871263391,6,9,10P 6/2,A_first,1,1,1,1,train/trial_000074/initial.png,train/trial_000074/cand1.png,train/trial_000074/cand2.png,"[80.0, 0.0, -5.0]","[60.0, 0.0, 0.0]","[61.0465, 10.38213, -7.02149]","[61.02323, 10.41708, -11.38877]","[60.00107, -0.0013, -3.95732]","[160, 142, 160]","[145, 145, 145]","[194, 199, 208]","[157, 142, 167]","[141, 145, 151]","[160, 142, 160]","[157, 142, 167]","[145, 145, 145]"
train,75,0,apple2.png,512x512,446,-1.07803047061,-7,11,5B 6/8,B_first,0,1,1,1,train/trial_000075/initial.png,train/trial_000075/cand1.png,train/trial_000075/cand2.png,"[80.0, 0.0, 15.0]","[60.0, 0.0, 0.0]","[61.0465, -19.53399, -29.90713]","[59.76903, -28.31578, -16.17876]","[60.00113, -0.00181, 11.87592]","[24, 159, 199]","[145, 145, 145]","[210, 197, 171]","[27, 159, 171]","[153, 144, 124]","[24, 159, 199]","[27, 159, 171]","[145, 145, 145]"
train,76,0,apple2.png,512x512,367,57.4116810909,-1,11,2.5P 2/6,B_first,0,1,1,1,train/trial_000076/initial.png,train/trial_000076/cand1.png,train/trial_000076/cand2.png,"[80.0, 0.0, 20.0]","[60.0, 0.0, 0.0]","[20.23558, 20.89469, -23.31963]","[19.9245, 18.65006, -12.25114]","[60.00114, -0.00192, 15.83421]","[61, 39, 83]","[145, 145, 145]","[213, 197, 161]","[67, 38, 66]","[156, 144, 117]","[61, 39, 83]","[67, 38, 66]","[145, 145, 145]"
train,77,0,apple3.png,512x512,459,3.05079171992,3,-12,10R 3/6,B_first,0,2,1,2,train/trial_000077/initial.png,train/trial_000077/cand1.png,train/trial_000077/cand2.png,"[80.0, 0.0, -10.0]","[60.0, 0.0, 0.0]","[30.37867, 27.55015, 18.92916]","[29.56516, 25.40736, 14.4782]","[60.00106, -0.00114, -7.91564]","[117, 52, 43]","[145, 145, 145]","[189, 199, 217]","[111, 52, 48]","[137, 145, 158]","[117, 52, 43]","[111, 52, 48]","[145, 145, 145]"
train,78,0,apple2.png,512x512,456,4.25904858357,-1,3,5GY 6/4,B_first,0,1,1,1,train/trial_000078/initial.png,train/trial_000078/cand1.png,train/trial_000078/cand2.png,"[80.0, 0.0, -20.0]","[60.0, 0.0, 0.0]","[61.0465, -10.45043, 22.06694]","[60.70754, -13.53056, 9.55642]","[60.00102, -0.00082, -15.8323]","[144, 152, 108]","[145, 145, 145]","[177, 200, 235]","[128, 153, 129]","[129, 146, 172]","[144, 152, 108]","[128, 153, 129]","[145, 145, 145]"
train,79,0,apple1.png,512x512,426,-41.9246414123,-13,-1,5GY 8/8,A_first,1,1,1,1,train/trial_000079/initial.png,train/trial_000079/cand1.png,train/trial_000079/cand2.png,"[80.0, 0.0, 20.0]","[60.0, 0.0, 0.0]","[80.52685, -20.99063, 48.45076]","[81.02168, -16.34202, 58.87595]","[60.00114, -0.00192, 15.83421]","[191, 209, 106]","[145, 145, 145]","[213, 197, 161]","[205, 207, 85]","[156, 144, 117]","[191, 209, 106]","[205, 207, 85]","[145, 145, 145]"
train,80,0,apple2.png,512x512,408,33.7722901768,6,-10,2.5P 3/2,A_first,1,2,1,2,train/trial_000080/initial.png,train/trial_000080/cand1.png,train/trial_000080/cand2.png,"[80.0, 5.0, 0.0]","[60.0, 0.0, 0.0]","[30.37867, 9.35928, -11.71091]","[30.48851, 11.71156, -11.55792]","[60.0011, 3.95675, 0.00104]","[78, 67, 90]","[145, 145, 145]","[208, 195, 199]","[82, 66, 90]","[152, 142, 145]","[78, 67, 90]","[82, 66, 90]","[145, 145, 145]"
train,81,0,apple2.png,512x512,364,-49.0490396421,-2,-2,2.5YR 8/4,B_first,0,1,1,1,train/trial_000081/initial.png,train/trial_000081/cand1.png,train/trial_000081/cand2.png,"[80.0, 0.0, -5.0]","[60.0, 0.0, 0.0]","[80.52685, 16.67957, 13.38281]","[80.27761, 15.64095, 8.52306]","[60.00107, -0.0013, -3.95732]","[240, 188, 176]","[145, 145, 145]","[194, 199, 208]","[234, 189, 184]","[141, 145, 151]","[240, 188, 176]","[234, 189, 184]","[145, 145, 145]"
train,82,0,apple1.png,512x512,374,9.0896310691,6,-8,2.5BG 6/4,B_first,0,1,1,1,train/trial_000082/initial.png,train/trial_000082/cand1.png,train/trial_000082/cand2.png,"[80.0, 0.0, -10.0]","[60.0, 0.0, 0.0]","[61.0465, -18.27571, -3.06606]","[61.39591, -16.45135, -10.73689]","[60.00106, -0.00114, -7.91564]","[105, 157, 152]","[145, 145, 145]","[189, 199, 217]","[99, 157, 167]","[137, 145, 158]","[105, 157, 152]","[99, 157, 167]","[145, 145, 145]"
train,83,0,apple2.png,512x512,383,-29.1092085663,3,-7,5YR 5/8,A_first,1,2,1,2,train/trial_000083/initial.png,train/trial_000083/cand1.png,train/trial_000083/cand2.png,"[80.0, 0.0, -5.0]","[60.0, 0.0, 0.0]","[51.00375, 25.03758, 39.89543]","[50.5367, 23.35186, 37.69248]","[60.00107, -0.0013, -3.95732]","[176, 103, 53]","[145, 145, 145]","[194, 199, 208]","[172, 103, 56]","[141, 145, 151]","[176, 103, 53]","[172, 103, 56]","[145, 145, 145]"
train,84,0,apple1.png,512x512,424,43.564049393,7,0,7.5PB 7/6,A_first,1,1,1,1,train/trial_000084/initial.png,train/trial_000084/cand1.png,train/trial_000084/cand2.png,"[80.0, 0.0, 20.0]","[60.0, 0.0, 0.0]","[70.86085, 10.00588, -27.29897]","[70.18006, 5.67037, -5.47518]","[60.00114, -0.00192, 15.83421]","[165, 170, 223]","[145, 145, 145]","[213, 197, 161]","[178, 169, 182]","[156, 144, 117]","[165, 170, 223]","[178, 169, 182]","[145, 145, 145]"
train,85,0,apple2.png,512x512,450,7.14930498233,10,-7,10BG 9/2,A_first,1,1,1,1,train/trial_000085/initial.png,train/trial_000085/cand1.png,train/trial_000085/cand2.png,"[80.0, -15.0, 0.0]","[60.0, 0.0, 0.0]","[90.18132, -4.90432, -8.36819]","[90.69285, -19.78279, -7.52049]","[60.00105, -11.876, 0.00091]","[208, 230, 243]","[145, 145, 145]","[166, 207, 198]","[175, 240, 242]","[121, 151, 144]","[208, 230, 243]","[175, 240, 242]","[145, 145, 145]"
train,86,0,apple2.png,512x512,427,0.86957332665,1,-3,7.5YR 5/4,B_first,0,1,1,1,train/trial_000086/initial.png,train/trial_000086/cand1.png,train/trial_000086/cand2.png,"[80.0, -15.0, 0.0]","[60.0, 0.0, 0.0]","[51.00375, 12.06179, 19.88484]","[49.79461, -1.49807, 17.95359]","[60.00105, -11.876, 0.00091]","[152, 113, 88]","[145, 145, 145]","[166, 207, 198]","[127, 118, 88]","[121, 151, 144]","[152, 113, 88]","[127, 118, 88]","[145, 145, 145]"
train,87,0,apple1.png,512x512,396,-57.8129482101,8,-6,10R 6/10,A_first,1,1,2,1,train/trial_000087/initial.png,train/trial_000087/cand1.png,train/trial_000087/cand2.png,"[80.0, 0.0, 20.0]","[60.0, 0.0, 0.0]","[61.0465, 39.32415, 35.1182]","[63.03866, 44.9405, 47.41291]","[60.00114, -0.00192, 15.83421]","[224, 117, 87]","[145, 145, 145]","[213, 197, 161]","[241, 116, 70]","[156, 144, 117]","[224, 117, 87]","[241, 116, 70]","[145, 145, 145]"
train,88,0,apple1.png,512x512,398,25.3189116919,-9,5,10GY 7/2,B_first,0,1,1,1,train/trial_000088/initial.png,train/trial_000088/cand1.png,train/trial_000088/cand2.png,"[80.0, 15.0, 0.0]","[60.0, 0.0, 0.0]","[70.86085, -6.94626, 4.97221]","[70.51263, 6.2743, 4.46851]","[60.00113, 11.87314, 0.0011]","[164, 177, 164]","[145, 145, 145]","[226, 189, 199]","[188, 168, 165]","[166, 137, 145]","[164, 177, 164]","[188, 168, 165]","[145, 145, 145]"
train,89,0,apple3.png,512x512,403,-15.5052059774,4,5,7.5GY 5/4,B_first,0,1,1,1,train/trial_000089/initial.png,train/trial_000089/cand1.png,train/trial_000089/cand2.png,"[80.0, 0.0, 5.0]","[60.0, 0.0, 0.0]","[51.00375, -13.89918, 16.58983]","[51.01854, -13.57704, 19.29555]","[60.0011, -0.00157, 3.95932]","[108, 127, 93]","[145, 145, 145]","[202, 198, 189]","[110, 127, 88]","[148, 144, 138]","[108, 127, 93]","[110, 127, 88]","[145, 145, 145]"
train,90,0,apple1.png,512x512,413,43.1187216128,-15,-3,2.5P 6/10,B_first,0,1,1,1,train/trial_000090/initial.png,train/trial_000090/cand1.png,train/trial_000090/cand2.png,"[80.0, 0.0, -20.0]","[60.0, 0.0, 0.0]","[61.0465, 29.45084, -37.85929]","[61.76057, 34.38399, -58.87081]","[60.00102, -0.00082, -15.8323]","[165, 132, 214]","[145, 145, 145]","[177, 200, 235]","[147, 133, 254]","[129, 146, 172]","[165, 132, 214]","[147, 133, 254]","[145, 145, 145]"
train,91,0,apple2.png,512x512,400,49.4138077262,-12,9,5RP 2/6,B_first,0,1,1,1,train/trial_000091/initial.png,train/trial_000091/cand1.png,train/trial_000091/cand2.png,"[80.0, 0.0, 20.0]","[60.0, 0.0, 0.0]","[20.23558, 27.97025, -9.18828]","[20.85318, 28.52694, 1.16237]","[60.00114, -0.00192, 15.83421]","[81, 30, 63]","[145, 145, 145]","[213, 197, 161]","[87, 30, 49]","[156, 144, 117]","[81, 30, 63]","[87, 30, 49]","[145, 145, 145]"
train,92,0,apple3.png,512x512,441,-24.4665896323,3,-1,5YR 4/8,A_first,1,4,1,4,train/trial_000092/initial.png,train/trial_000092/cand1.png,train/trial_000092/cand2.png,"[80.0, 0.0, 20.0]","[60.0, 0.0, 0.0]","[40.7365, 24.76318, 39.20232]","[42.23278, 29.54596, 44.67088]","[60.00114, -0.00192, 15.83421]","[146, 78, 31]","[145, 145, 145]","[213, 197, 161]","[157, 78, 23]","[156, 144, 117]","[146, 78, 31]","[157, 78, 23]","[145, 145, 145]"
train,93,0,apple3.png,512x512,373,35.3120576511,-5,13,7.5R 8/4,A_first,1,2,2,2,train/trial_000093/initial.png,train/trial_000093/cand1.png,train/trial_000093/cand2.png,"[80.0, 0.0, -5.0]","[60.0, 0.0, 0.0]","[80.52685, 19.02848, 6.69766]","[80.30776, 18.20593, 1.57878]","[60.00107, -0.0013, -3.95732]","[239, 187, 188]","[145, 145, 145]","[194, 199, 208]","[234, 187, 197]","[141, 145, 151]","[239, 187, 188]","[234, 187, 197]","[145, 145, 145]"
train,94,0,apple1.png,512x512,450,18.8888158472,-8,-4,5YR 4/2,A_first,1,2,1,2,train/trial_000094/initial.png,train/trial_000094/cand1.png,train/trial_000094/cand2.png,"[80.0, -20.0, 0.0]","[60.0, 0.0, 0.0]","[40.7365, 9.11326, 7.94861]","[39.70008, -5.3599, 6.30142]","[60.00104, -15.83418, 0.00088]","[116, 90, 83]","[145, 145, 145]","[155, 209, 198]","[89, 96, 83]","[112, 153, 144]","[116, 90, 83]","[89, 96, 83]","[145, 145, 145]"
train,95,0,apple1.png,512x512,413,16.1690658117,-6,3,7.5GY 8/10,A_first,1,1,1,1,train/trial_000095/initial.png,train/trial_000095/cand1.png,train/trial_000095/cand2.png,"[80.0, 5.0, 0.0]","[60.0, 0.0, 0.0]","[80.52685, -36.29027, 50.8829]","[80.08363, -31.80921, 50.43709]","[60.0011, 3.95675, 0.00104]","[162, 216, 100]","[145, 145, 145]","[208, 195, 199]","[170, 213, 100]","[152, 142, 145]","[162, 216, 100]","[170, 213, 100]","[145, 145, 145]"
train,96,0,apple1.png,512x512,459,-24.4870169125,-4,-9,2.5R 2/4,A_first,1,2,1,2,train/trial_000096/initial.png,train/trial_000096/cand1.png,train/trial_000096/cand2.png,"[80.0, 10.0, 0.0]","[60.0, 0.0, 0.0]","[20.23558, 20.95159, 0.52711]","[21.29351, 25.13396, 2.16199]","[60.00112, 7.91495, 0.00107]","[77, 36, 49]","[145, 145, 145]","[217, 192, 199]","[85, 34, 49]","[159, 140, 145]","[77, 36, 49]","[85, 34, 49]","[145, 145, 145]"
train,97,0,apple1.png,512x512,404,-4.16331507968,-1,-4,5P 3/6,A_first,1,1,1,1,train/trial_000097/initial.png,train/trial_000097/cand1.png,train/trial_000097/cand2.png,"[80.0, 0.0, -20.0]","[60.0, 0.0, 0.0]","[30.37867, 24.48753, -23.21448]","[30.54058, 26.65406, -36.40179]","[60.00102, -0.00082, -15.8323]","[91, 58, 108]","[145, 145, 145]","[177, 200, 235]","[81, 59, 129]","[129, 146, 172]","[91, 58, 108]","[81, 59, 129]","[145, 145, 145]"
train,98,0,apple2.png,512x512,391,15.6171933634,9,12,10B 4/4,A_first,1,1,1,1,train/trial_000098/initial.png,train/trial_000098/cand1.png,train/trial_000098/cand2.png,"[80.0, -20.0, 0.0]","[60.0, 0.0, 0.0]","[40.7365, -2.87776, -19.08931]","[41.66464, -10.73042, -17.47624]","[60.00104, -15.83418, 0.00088]","[69, 99, 127]","[145, 145, 145]","[155, 209, 198]","[52, 105, 127]","[112, 153, 144]","[69, 99, 127]","[52, 105, 127]","[145, 145, 145]"
train,99,0,apple3.png,512x512,365,54.1233413879,13,-1,5YR 6/6,B_first,0,1,1,1,train/trial_000099/initial.png,train/trial_000099/cand1.png,train/trial_000099/cand2.png,"[80.0, -15.0, 0.0]","[60.0, 0.0, 0.0]","[61.0465, 19.48214, 27.76696]","[59.16603, 3.19152, 24.81773]","[60.00105, -11.876, 0.00091]","[194, 133, 99]","[145, 145, 145]","[166, 207, 198]","[163, 139, 99]","[121, 151, 144]","[194, 133, 99]","[163, 139, 99]","[145, 145, 145]"
train,100,0,apple1.png,512x512,419,3.6640759692,-5,11,7.5RP 2/8,A_first,1,1,1,1,train/trial_000100/initial.png,train/trial_000100/cand1.png,train/trial_000100/cand2.png,"[80.0, 20.0, 0.0]","[60.0, 0.0, 0.0]","[20.23558, 37.68083, -8.19077]","[23.93212, 43.48946, -2.42847]","[60.00115, 15.83133, 0.00114]","[93, 17, 62]","[145, 145, 145]","[235, 185, 199]","[111, 15, 62]","[172, 135, 145]","[93, 17, 62]","[111, 15, 62]","[145, 145, 145]"
train,101,0,apple3.png,512x512,393,44.5629288948,-1,9,5YR 3/4,B_first,0,3,1,3,train/trial_000101/initial.png,train/trial_000101/cand1.png,train/trial_000101/cand2.png,"[80.0, -10.0, 0.0]","[60.0, 0.0, 0.0]","[30.37867, 14.82182, 17.71088]","[29.45403, 8.3017, 16.2813]","[60.00106, -7.91781, 0.00094]","[101, 62, 45]","[145, 145, 145]","[178, 204, 198]","[90, 64, 45]","[129, 149, 144]","[101, 62, 45]","[90, 64, 45]","[145, 145, 145]"
train,102,0,apple2.png,512x512,414,-8.65424282913,-13,8,2.5PB 7/8,B_first,0,1,2,1,train/trial_000102/initial.png,train/trial_000102/cand1.png,train/trial_000102/cand2.png,"[80.0, 0.0, 15.0]","[60.0, 0.0, 0.0]","[70.86085, -1.17264, -35.50093]","[69.79861, -7.70889, -19.11949]","[60.00113, -0.00181, 11.87592]","[125, 177, 238]","[145, 145, 145]","[210, 197, 171]","[132, 176, 205]","[153, 144, 124]","[125, 177, 238]","[132, 176, 205]","[145, 145, 145]"
train,103,0,apple3.png,512x512,393,53.9030080883,0,4,10GY 6/6,A_first,1,1,1,1,train/trial_000103/initial.png,train/trial_000103/cand1.png,train/trial_000103/cand2.png,"[80.0, 0.0, -10.0]","[60.0, 0.0, 0.0]","[61.0465, -25.31888, 21.22545]","[61.12478, -25.65783, 15.37077]","[60.00106, -0.00114, -7.91564]","[113, 159, 109]","[145, 145, 145]","[189, 199, 217]","[108, 159, 120]","[137, 145, 158]","[113, 159, 109]","[108, 159, 120]","[145, 145, 145]"
train,104,0,apple2.png,512x512,436,-50.9387950594,-6,10,2.5P 7/2,A_first,1,2,1,2,train/trial_000104/initial.png,train/trial_000104/cand1.png,train/trial_000104/cand2.png,"[80.0, 10.0, 0.0]","[60.0, 0.0, 0.0]","[70.86085, 7.70267, -10.03585]","[71.04119, 16.66888, -9.79306]","[60.00112, 7.91495, 0.00107]","[179, 170, 192]","[145, 145, 145]","[217, 192, 199]","[197, 164, 192]","[159, 140, 145]","[179, 170, 192]","[197, 164, 192]","[145, 145, 145]"
train,105,0,apple1.png,512x512,435,-44.840825652,-5,-9,10G 7/6,A_first,1,1,1,1,train/trial_000105/initial.png,train/trial_000105/cand1.png,train/trial_000105/cand2.png,"[80.0, 0.0, 5.0]","[60.0, 0.0, 0.0]","[70.86085, -27.66282, 0.36512]","[70.66508, -28.70994, 4.51559]","[60.0011, -0.00157, 3.95932]","[110, 187, 172]","[145, 145, 145]","[202, 198, 189]","[112, 187, 164]","[148, 144, 138]","[110, 187, 172]","[112, 187, 164]","[145, 145, 145]"
train,106,0,apple2.png,512x512,404,7.24741444423,-8,5,10PB 3/10,A_first,1,1,1,1,train/trial_000106/initial.png,train/trial_000106/cand1.png,train/trial_000106/cand2.png,"[80.0, 0.0, -20.0]","[60.0, 0.0, 0.0]","[30.37867, 30.51862, -42.73123]","[31.6979, 36.61917, -56.85676]","[60.00102, -0.00082, -15.8323]","[79, 56, 139]","[145, 145, 145]","[177, 200, 235]","[70, 57, 166]","[129, 146, 172]","[79, 56, 139]","[70, 57, 166]","[145, 145, 145]"
train,107,0,apple2.png,512x512,429,23.8120121768,-1,12,10Y 7/10,B_first,0,1,1,1,train/trial_000107/initial.png,train/trial_000107/cand1.png,train/trial_000107/cand2.png,"[80.0, 0.0, -20.0]","[60.0, 0.0, 0.0]","[70.86085, -11.05197, 71.27176]","[69.61487, -20.48586, 68.84334]","[60.00102, -0.00082, -15.8323]","[188, 176, 14]","[145, 145, 145]","[177, 200, 235]","[168, 178, 18]","[129, 146, 172]","[188, 176, 14]","[168, 178, 18]","[145, 145, 145]"
train,108,0,apple3.png,512x512,433,-31.0127895647,5,12,5B 6/2,A_first,1,1,1,1,train/trial_000108/initial.png,train/trial_000108/cand1.png,train/trial_000108/cand2.png,"[80.0, 5.0, 0.0]","[60.0, 0.0, 0.0]","[61.0465, -2.65423, -9.39744]","[60.9068, 0.93046, -9.63634]","[60.0011, 3.95675, 0.00104]","[133, 149, 164]","[145, 145, 145]","[208, 195, 199]","[140, 147, 164]","[152, 142, 145]","[133, 149, 164]","[140, 147, 164]","[145, 145, 145]"
train,109,0,apple2.png,512x512,424,-7.36629896838,0,-3,10B 8/4,B_first,0,2,2,2,train/trial_000109/initial.png,train/trial_000109/cand1.png,train/trial_000109/cand2.png,"[80.0, 0.0, 20.0]","[60.0, 0.0, 0.0]","[80.52685, -2.45953, -18.80641]","[79.82977, -6.63227, 3.51291]","[60.00114, -0.00192, 15.83421]","[175, 203, 235]","[145, 145, 145]","[213, 197, 161]","[188, 201, 191]","[156, 144, 117]","[175, 203, 235]","[188, 201, 191]","[145, 145, 145]"
train,110,0,apple3.png,512x512,400,-5.76715657164,0,3,10P 2/6,A_first,1,1,1,1,train/trial_000110/initial.png,train/trial_000110/cand1.png,train/trial_000110/cand2.png,"[80.0, -20.0, 0.0]","[60.0, 0.0, 0.0]","[20.23558, 25.82714, -16.33599]","[18.21576, 17.99025, -19.50552]","[60.00104, -15.83418, 0.00088]","[74, 33, 73]","[145, 145, 145]","[155, 209, 198]","[56, 36, 73]","[112, 153, 144]","[74, 33, 73]","[56, 36, 73]","[145, 145, 145]"
train,111,0,apple1.png,512x512,365,28.1650452589,4,-13,10YR 8/2,A_first,1,1,1,1,train/trial_000111/initial.png,train/trial_000111/cand1.png,train/trial_000111/cand2.png,"[80.0, -10.0, 0.0]","[60.0, 0.0, 0.0]","[80.52685, 5.99525, 9.10475]","[80.12992, -5.15126, 8.45696]","[60.00106, -7.91781, 0.00094]","[218, 196, 183]","[145, 145, 145]","[178, 204, 198]","[196, 201, 183]","[129, 149, 144]","[218, 196, 183]","[196, 201, 183]","[145, 145, 145]"
train,112,0,apple1.png,512x512,387,-55.9568485819,4,8,2.5G 4/6,A_first,1,1,1,1,train/trial_000112/initial.png,train/trial_000112/cand1.png,train/trial_000112/cand2.png,"[80.0, 0.0, -20.0]","[60.0, 0.0, 0.0]","[40.7365, -29.21763, 12.46209]","[41.25159, -27.06374, 3.88203]","[60.00102, -0.00082, -15.8323]","[43, 108, 75]","[145, 145, 145]","[177, 200, 235]","[37, 109, 90]","[129, 146, 172]","[43, 108, 75]","[37, 109, 90]","[145, 145, 145]"
train,113,0,apple1.png,512x512,450,10.5244184097,-8,2,10PB 2/8,B_first,0,1,1,1,train/trial_000113/initial.png,train/trial_000113/cand1.png,train/trial_000113/cand2.png,"[80.0, 0.0, -20.0]","[60.0, 0.0, 0.0]","[20.23558, 24.80599, -33.66299]","[21.24587, 29.48273, -44.77649]","[60.00102, -0.00082, -15.8323]","[56, 37, 99]","[145, 145, 145]","[177, 200, 235]","[49, 37, 118]","[129, 146, 172]","[56, 37, 99]","[49, 37, 118]","[145, 145, 145]"
train,114,0,apple1.png,512x512,443,-10.3736175405,-5,1,10PB 5/2,A_first,1,1,1,1,train/trial_000114/initial.png,train/trial_000114/cand1.png,train/trial_000114/cand2.png,"[80.0, 20.0, 0.0]","[60.0, 0.0, 0.0]","[51.00375, 6.74239, -10.7944]","[51.24509, 20.26979, -10.49989]","[60.00115, 15.83133, 0.00114]","[124, 118, 140]","[145, 145, 145]","[235, 185, 199]","[148, 110, 140]","[172, 135, 145]","[124, 118, 140]","[148, 110, 140]","[145, 145, 145]"
train,115,0,apple1.png,512x512,448,47.6626365197,-7,-6,10YR 8/6,B_first,0,2,1,2,train/trial_000115/initial.png,train/trial_000115/cand1.png,train/trial_000115/cand2.png,"[80.0, 0.0, -20.0]","[60.0, 0.0, 0.0]","[80.52685, 10.62605, 34.5723]","[79.05802, 3.14302, 18.43613]","[60.00102, -0.00082, -15.8323]","[240, 191, 136]","[145, 145, 145]","[177, 200, 235]","[215, 193, 162]","[129, 146, 172]","[240, 191, 136]","[215, 193, 162]","[145, 145, 145]"
train,116,0,apple1.png,512x512,421,40.0979215243,-2,-3,7.5G 8/4,A_first,1,1,1,1,train/trial_000116/initial.png,train/trial_000116/cand1.png,train/trial_000116/cand2.png,"[80.0, 5.0, 0.0]","[60.0, 0.0, 0.0]","[80.52685, -18.42793, 1.64099]","[80.14626, -14.24978, 1.05431]","[60.0011, 3.95675, 0.00104]","[162, 210, 196]","[145, 145, 145]","[208, 195, 199]","[170, 207, 196]","[152, 142, 145]","[162, 210, 196]","[170, 207, 196]","[145, 145, 145]"
train,117,0,apple2.png,512x512,370,50.6076997444,9,-9,7.5YR 2/2,A_first,1,1,1,1,train/trial_000117/initial.png,train/trial_000117/cand1.png,train/trial_000117/cand2.png,"[80.0, 0.0, 15.0]","[60.0, 0.0, 0.0]","[20.23558, 6.96115, 8.50133]","[20.56272, 8.3108, 13.50149]","[60.00113, -0.00181, 11.87592]","[63, 45, 37]","[145, 145, 145]","[210, 197, 171]","[67, 45, 30]","[153, 144, 124]","[63, 45, 37]","[67, 45, 30]","[145, 145, 145]"
train,118,0,apple2.png,512x512,452,35.0705665073,-1,4,7.5PB 9/2,A_first,1,1,1,1,train/trial_000118/initial.png,train/trial_000118/cand1.png,train/trial_000118/cand2.png,"[80.0, 0.0, 20.0]","[60.0, 0.0, 0.0]","[90.18132, 5.92934, -10.56336]","[90.02054, 4.66601, 13.24628]","[60.00114, -0.00192, 15.83421]","[229, 224, 247]","[145, 145, 145]","[213, 197, 161]","[246, 223, 201]","[156, 144, 117]","[229, 224, 247]","[246, 223, 201]","[145, 145, 145]"
train,119,0,apple1.png,512x512,439,20.0866226735,-4,-2,10PB 6/6,B_first,0,1,1,1,train/trial_000119/initial.png,train/trial_000119/cand1.png,train/trial_000119/cand2.png,"[80.0, 5.0, 0.0]","[60.0, 0.0, 0.0]","[61.0465, 14.63406, -26.12251]","[61.13274, 18.28726, -26.03108]","[60.0011, 3.95675, 0.00104]","[150, 141, 193]","[145, 145, 145]","[208, 195, 199]","[157, 139, 194]","[152, 142, 145]","[150, 141, 193]","[157, 139, 194]","[145, 145, 145]"
train,120,0,apple2.png,512x512,410,-25.2120201824,-6,-9,5P 6/10,A_first,1,1,1,1,train/trial_000120/initial.png,train/trial_000120/cand1.png,train/trial_000120/cand2.png,"[80.0, 0.0, 5.0]","[60.0, 0.0, 0.0]","[61.0465, 33.33621, -34.02127]","[60.97911, 32.57503, -28.66278]","[60.0011, -0.00157, 3.95932]","[176, 128, 208]","[145, 145, 145]","[202, 198, 189]","[180, 128, 198]","[148, 144, 138]","[176, 128, 208]","[180, 128, 198]","[145, 145, 145]"
train,121,0,apple2.png,512x512,386,3.86568028616,-4,10,5R 4/2,B_first,0,1,1,1,train/trial_000121/initial.png,train/trial_000121/cand1.png,train/trial_000121/cand2.png,"[80.0, 15.0, 0.0]","[60.0, 0.0, 0.0]","[40.7365, 11.91446, 1.84005]","[41.62651, 21.72234, 3.22388]","[60.00113, 11.87314, 0.0011]","[116, 89, 93]","[145, 145, 145]","[226, 189, 199]","[134, 85, 94]","[166, 137, 145]","[116, 89, 93]","[134, 85, 94]","[145, 145, 145]"
train,122,0,apple1.png,512x512,377,49.1156021035,6,-12,5PB 4/10,B_first,0,1,1,1,train/trial_000122/initial.png,train/trial_000122/cand1.png,train/trial_000122/cand2.png,"[80.0, 0.0, -10.0]","[60.0, 0.0, 0.0]","[40.7365, 7.813, -44.88753]","[41.80392, 13.51815, -52.5625]","[60.00106, -0.00114, -7.91564]","[37, 96, 170]","[145, 145, 145]","[189, 199, 217]","[35, 97, 186]","[137, 145, 158]","[37, 96, 170]","[35, 97, 186]","[145, 145, 145]"
train,123,0,apple2.png,512x512,387,-15.4505891455,-11,-3,7.5PB 3/4,A_first,1,1,1,1,train/trial_000123/initial.png,train/trial_000123/cand1.png,train/trial_000123/cand2.png,"[80.0, -5.0, 0.0]","[60.0, 0.0, 0.0]","[30.37867, 9.12721, -21.5099]","[30.39116, 7.14997, -21.45458]","[60.00108, -3.95963, 0.00097]","[67, 68, 105]","[145, 145, 145]","[188, 201, 198]","[63, 70, 105]","[137, 147, 144]","[67, 68, 105]","[63, 70, 105]","[145, 145, 145]"
train,124,0,apple2.png,512x512,429,-48.502952775,-5,-1,7.5R 7/2,A_first,1,1,1,1,train/trial_000124/initial.png,train/trial_000124/cand1.png,train/trial_000124/cand2.png,"[80.0, 0.0, 10.0]","[60.0, 0.0, 0.0]","[70.86085, 10.8759, 0.88447]","[71.04441, 11.53297, 10.18323]","[60.00112, -0.0017, 7.91762]","[194, 167, 172]","[145, 145, 145]","[206, 198, 180]","[202, 166, 156]","[151, 144, 131]","[194, 167, 172]","[202, 166, 156]","[145, 145, 145]"
train,125,0,apple3.png,512x512,424,-54.2752468704,-10,2,5G 6/4,A_first,1,2,1,2,train/trial_000125/initial.png,train/trial_000125/cand1.png,train/trial_000125/cand2.png,"[80.0, 0.0, -10.0]","[60.0, 0.0, 0.0]","[61.0465, -18.83019, 4.42254]","[61.27301, -17.88724, -2.79461]","[60.00106, -0.00114, -7.91564]","[112, 157, 139]","[145, 145, 145]","[189, 199, 217]","[107, 157, 152]","[137, 145, 158]","[112, 157, 139]","[107, 157, 152]","[145, 145, 145]"
train,126,0,apple3.png,512x512,381,21.7152647994,1,11,5RP 7/8,B_first,0,1,1,1,train/trial_000126/initial.png,train/trial_000126/cand1.png,train/trial_000126/cand2.png,"[80.0, 0.0, 10.0]","[60.0, 0.0, 0.0]","[70.86085, 36.43721, -6.18743]","[71.36182, 37.53159, 4.33773]","[60.00112, -0.0017, 7.91762]","[232, 148, 186]","[145, 145, 145]","[206, 198, 180]","[241, 148, 168]","[151, 144, 131]","[232, 148, 186]","[241, 148, 168]","[145, 145, 145]"
train,127,0,apple3.png,512x512,365,10.6662572242,-3,4,2.5P 2/2,A_first,1,1,1,1,train/trial_000127/initial.png,train/trial_000127/cand1.png,train/trial_000127/cand2.png,"[80.0, 15.0, 0.0]","[60.0, 0.0, 0.0]","[20.23558, 8.76553, -10.72664]","[20.55352, 14.19284, -10.27856]","[60.00113, 11.87314, 0.0011]","[54, 45, 65]","[145, 145, 145]","[226, 189, 199]","[63, 42, 65]","[166, 137, 145]","[54, 45, 65]","[63, 42, 65]","[145, 145, 145]"
train,128,0,apple3.png,512x512,386,57.2904909851,9,-8,2.5B 6/4,B_first,0,1,1,1,train/trial_000128/initial.png,train/trial_000128/cand1.png,train/trial_000128/cand2.png,"[80.0, 0.0, 20.0]","[60.0, 0.0, 0.0]","[61.0465, -11.54705, -13.9599]","[60.264, -16.23344, 3.25539]","[60.00114, -0.00192, 15.83421]","[107, 154, 171]","[145, 145, 145]","[213, 197, 161]","[115, 153, 139]","[156, 144, 117]","[107, 154, 171]","[115, 153, 139]","[145, 145, 145]"
val,1,0,apple3.png,512x512,419,33.4632986576,1,7,5P 5/4,B_first,0,2,1,2,val/trial_000001/initial.png,val/trial_000001/cand1.png,val/trial_000001/cand2.png,"[80.0, 0.0, -20.0]","[60.0, 0.0, 0.0]","[51.00375, 14.99656, -15.77087]","[51.11666, 16.56886, -32.20133]","[60.00102, -0.00082, -15.8323]","[135, 114, 148]","[145, 145, 145]","[177, 200, 235]","[120, 115, 177]","[129, 146, 172]","[135, 114, 148]","[120, 115, 177]","[145, 145, 145]"
val,2,0,apple2.png,512x512,402,2.41730297295,-4,-8,2.5R 6/8,B_first,0,1,1,1,val/trial_000002/initial.png,val/trial_000002/cand1.png,val/trial_000002/cand2.png,"[80.0, -20.0, 0.0]","[60.0, 0.0, 0.0]","[61.0465, 35.87403, 8.74967]","[57.2616, 14.40452, 2.86695]","[60.00104, -15.83418, 0.00088]","[210, 122, 133]","[145, 145, 145]","[155, 209, 198]","[164, 129, 133]","[112, 153, 144]","[210, 122, 133]","[164, 129, 133]","[145, 145, 145]"
val,3,0,apple2.png,512x512,362,33.2645679162,-6,1,2.5R 6/4,A_first,1,1,1,1,val/trial_000003/initial.png,val/trial_000003/cand1.png,val/trial_000003/cand2.png,"[80.0, 10.0, 0.0]","[60.0, 0.0, 0.0]","[61.0465, 19.4486, 2.2713]","[62.00413, 28.49085, 3.75809]","[60.00112, 7.91495, 0.00107]","[182, 135, 144]","[145, 145, 145]","[217, 192, 199]","[200, 131, 144]","[159, 140, 145]","[182, 135, 144]","[200, 131, 144]","[145, 145, 145]"
val,4,0,apple1.png,512x512,379,-14.4630589996,-5,-4,7.5P 9/2,A_first,1,1,1,1,val/trial_000004/initial.png,val/trial_000004/cand1.png,val/trial_000004/cand2.png,"[80.0, 0.0, -5.0]","[60.0, 0.0, 0.0]","[90.18132, 9.12384, -7.95376]","[90.17788, 9.24231, -13.8456]","[60.00107, -0.0013, -3.95732]","[238, 222, 242]","[145, 145, 145]","[194, 199, 208]","[233, 222, 253]","[141, 145, 151]","[238, 222, 242]","[233, 222, 253]","[145, 145, 145]"
val,5,0,apple2.png,512x512,393,-50.9813069269,4,-15,10Y 9/4,A_first,1,1,2,1,val/trial_000005/initial.png,val/trial_000005/cand1.png,val/trial_000005/cand2.png,"[80.0, 0.0, 5.0]","[60.0, 0.0, 0.0]","[90.18132, -4.33951, 27.18505]","[90.33957, -3.31569, 31.67536]","[60.0011, -0.00157, 3.95932]","[239, 228, 175]","[145, 145, 145]","[202, 198, 189]","[244, 227, 167]","[148, 144, 138]","[239, 228, 175]","[244, 227, 167]","[145, 145, 145]"
val,6,0,apple2.png,512x512,451,13.5375250416,9,-1,10Y 9/6,B_first,0,1,2,1,val/trial_000006/initial.png,val/trial_000006/cand1.png,val/trial_000006/cand2.png,"[80.0, 0.0, -20.0]","[60.0, 0.0, 0.0]","[90.18132, -7.38678, 41.69425]","[89.19056, -14.34932, 25.88997]","[60.00102, -0.00082, -15.8323]","[241, 229, 146]","[145, 145, 145]","[177, 200, 235]","[216, 231, 174]","[129, 146, 172]","[241, 229, 146]","[216, 231, 174]","[145, 145, 145]"
val,7,0,apple2.png,512x512,421,-1.95764421684,5,2,10GY 6/10,B_first,0,2,1,2,val/trial_000007/initial.png,val/trial_000007/cand1.png,val/trial_000007/cand2.png,"[80.0, -10.0, 0.0]","[60.0, 0.0, 0.0]","[61.0465, -43.5297, 37.94095]","[62.22936, -47.98189, 39.35245]","[60.00106, -7.91781, 0.00094]","[82, 165, 77]","[145, 145, 145]","[178, 204, 198]","[72, 170, 76]","[129, 149, 144]","[82, 165, 77]","[72, 170, 76]","[145, 145, 145]"
val,8,0,apple3.png,512x512,438,1.06984957637,-1,-15,10GY 7/6,B_first,0,1,1,1,val/trial_000008/initial.png,val/trial_000008/cand1.png,val/trial_000008/cand2.png,"[80.0, 0.0, -10.0]","[60.0, 0.0, 0.0]","[70.86085, -24.73148, 21.13438]","[70.92918, -25.13417, 14.21138]","[60.00106, -0.00114, -7.91564]","[140, 185, 134]","[145, 145, 145]","[189, 199, 217]","[133, 186, 147]","[137, 145, 158]","[140, 185, 134]","[133, 186, 147]","[145, 145, 145]"
val,9,0,apple3.png,512x512,420,-20.1968436686,-10,-4,5Y 5/2,A_first,1,1,1,1,val/trial_000009/initial.png,val/trial_000009/cand1.png,val/trial_000009/cand2.png,"[80.0, -20.0, 0.0]","[60.0, 0.0, 0.0]","[51.00375, 1.65115, 11.48009]","[50.54529, -14.1747, 10.68494]","[60.00104, -15.83418, 0.00088]","[132, 120, 102]","[145, 145, 145]","[155, 209, 198]","[102, 127, 102]","[112, 153, 144]","[132, 120, 102]","[102, 127, 102]","[145, 145, 145]"
val,10,0,apple2.png,512x512,419,-15.0626006495,-6,8,5P 6/10,A_first,1,1,1,1,val/trial_000010/initial.png,val/trial_000010/cand1.png,val/trial_000010/cand2.png,"[80.0, -10.0, 0.0]","[60.0, 0.0, 0.0]","[61.0465, 33.33621, -34.02127]","[60.13163, 25.53705, -35.38806]","[60.00106, -7.91781, 0.00094]","[176, 128, 208]","[145, 145, 145]","[178, 204, 198]","[158, 132, 207]","[129, 149, 144]","[176, 128, 208]","[158, 132, 207]","[145, 145, 145]"
val,11,0,apple1.png,512x512,455,59.7622152811,9,-3,7.5YR 6/8,A_first,1,2,1,2,val/trial_000011/initial.png,val/trial_000011/cand1.png,val/trial_000011/cand2.png,"[80.0, 10.0, 0.0]","[60.0, 0.0, 0.0]","[61.0465, 19.81148, 43.64013]","[62.47786, 30.07894, 45.83897]","[60.00112, 7.91495, 0.00107]","[200, 132, 70]","[145, 145, 145]","[217, 192, 199]","[219, 128, 70]","[159, 140, 145]","[200, 132, 70]","[219, 128, 70]","[145, 145, 145]"
val,12,0,apple3.png,512x512,455,-19.0915418281,-1,7,5B 6/4,A_first,1,1,1,1,val/trial_000012/initial.png,val/trial_000012/cand1.png,val/trial_000012/cand2.png,"[80.0, -10.0, 0.0]","[60.0, 0.0, 0.0]","[61.0465, -8.68648, -15.80505]","[61.68436, -14.50184, -14.73738]","[60.00106, -7.91781, 0.00094]","[111, 153, 175]","[145, 145, 145]","[178, 204, 198]","[99, 158, 174]","[129, 149, 144]","[111, 153, 175]","[99, 158, 174]","[145, 145, 145]"
val,13,0,apple3.png,512x512,424,34.4046577507,-3,-3,7.5R 3/8,B_first,0,1,1,1,val/trial_000013/initial.png,val/trial_000013/cand1.png,val/trial_000013/cand2.png,"[80.0, 5.0, 0.0]","[60.0, 0.0, 0.0]","[30.37867, 37.53565, 20.83123]","[31.48716, 40.20404, 22.44514]","[60.0011, 3.95675, 0.00104]","[128, 41, 41]","[145, 145, 145]","[208, 195, 199]","[135, 40, 41]","[152, 142, 145]","[128, 41, 41]","[135, 40, 41]","[145, 145, 145]"
val,14,0,apple1.png,512x512,395,-29.8278804767,-5,2,2.5BG 2/2,A_first,1,1,1,1,val/trial_000014/initial.png,val/trial_000014/cand1.png,val/trial_000014/cand2.png,"[80.0, 20.0, 0.0]","[60.0, 0.0, 0.0]","[20.23558, -5.98617, -2.26515]","[19.61317, 0.26848, -3.2589]","[60.00115, 15.83133, 0.00114]","[37, 52, 52]","[145, 145, 145]","[235, 185, 199]","[45, 48, 52]","[172, 135, 145]","[37, 52, 52]","[45, 48, 52]","[145, 145, 145]"
val,15,0,apple1.png,512x512,433,-2.16620556552,-6,-5,10Y 7/2,B_first,0,1,1,1,val/trial_000015/initial.png,val/trial_000015/cand1.png,val/trial_000015/cand2.png,"[80.0, -5.0, 0.0]","[60.0, 0.0, 0.0]","[70.86085, -0.85465, 11.44635]","[70.79682, -5.69425, 11.32258]","[60.00108, -3.95963, 0.00097]","[181, 173, 153]","[145, 145, 145]","[188, 201, 198]","[171, 176, 153]","[137, 147, 144]","[181, 173, 153]","[171, 176, 153]","[145, 145, 145]"
val,16,0,apple2.png,512x512,455,-5.06219729125,-7,-10,7.5RP 4/10,B_first,0,1,1,1,val/trial_000016/initial.png,val/trial_000016/cand1.png,val/trial_000016/cand2.png,"[80.0, 0.0, -5.0]","[60.0, 0.0, 0.0]","[40.7365, 46.76136, -2.23998]","[40.2893, 46.10814, -6.10129]","[60.00107, -0.0013, -3.95732]","[162, 58, 101]","[145, 145, 145]","[194, 199, 208]","[158, 59, 106]","[141, 145, 151]","[162, 58, 101]","[158, 59, 106]","[145, 145, 145]"
test,1,0,apple2.png,512x512,387,-25.1872856506,-1,-5,2.5G 9/8,A_first,1,3,1,3,test/trial_000001/initial.png,test/trial_000001/cand1.png,test/trial_000001/cand2.png,"[80.0, 0.0, -5.0]","[60.0, 0.0, 0.0]","[90.18132, -40.79079, 21.51871]","[90.32491, -40.38868, 17.26653]","[60.00107, -0.0013, -3.95732]","[153, 247, 184]","[145, 145, 145]","[194, 199, 208]","[150, 247, 193]","[141, 145, 151]","[153, 247, 184]","[150, 247, 193]","[145, 145, 145]"
test,2,0,apple3.png,512x512,382,-6.83990400549,-5,-2,5GY 5/6,B_first,0,1,1,1,test/trial_000002/initial.png,test/trial_000002/cand1.png,test/trial_000002/cand2.png,"[80.0, -5.0, 0.0]","[60.0, 0.0, 0.0]","[51.00375, -16.81887, 34.66563]","[51.14989, -20.38857, 34.75912]","[60.00108, -3.95963, 0.00097]","[113, 128, 60]","[145, 145, 145]","[188, 201, 198]","[107, 130, 60]","[137, 147, 144]","[113, 128, 60]","[107, 130, 60]","[145, 145, 145]"
test,3,0,apple1.png,512x512,455,24.5318672185,-4,10,10G 2/2,A_first,1,1,1,1,test/trial_000003/initial.png,test/trial_000003/cand1.png,test/trial_000003/cand2.png,"[80.0, 0.0, 15.0]","[60.0, 0.0, 0.0]","[20.23558, -6.06016, -1.12687]","[20.08132, -6.8421, 4.41157]","[60.00113, -0.00181, 11.87592]","[38, 51, 50]","[145, 145, 145]","[210, 197, 171]","[40, 51, 42]","[153, 144, 124]","[38, 51, 50]","[40, 51, 42]","[145, 145, 145]"
test,4,0,apple2.png,512x512,444,-1.03960496372,-1,7,5B 4/6,A_first,1,1,1,1,test/trial_000004/initial.png,test/trial_000004/cand1.png,test/trial_000004/cand2.png,"[80.0, 10.0, 0.0]","[60.0, 0.0, 0.0]","[40.7365, -13.56239, -23.68455]","[39.64621, -11.37586, -25.5271]","[60.00112, 7.91495, 0.00107]","[7, 104, 134]","[145, 145, 145]","[217, 192, 199]","[8, 101, 135]","[159, 140, 145]","[7, 104, 134]","[8, 101, 135]","[145, 145, 145]"
test,5,0,apple3.png,512x512,416,51.4815063638,4,13,5Y 7/10,B_first,0,1,1,1,test/trial_000005/initial.png,test/trial_000005/cand1.png,test/trial_000005/cand2.png,"[80.0, 15.0, 0.0]","[60.0, 0.0, 0.0]","[70.86085, 1.27235, 69.23606]","[71.98561, 18.34642, 71.43281]","[60.00113, 11.87314, 0.0011]","[207, 170, 28]","[145, 145, 145]","[226, 189, 199]","[236, 161, 29]","[166, 137, 145]","[207, 170, 28]","[236, 161, 29]","[145, 145, 145]"
test,6,0,apple1.png,512x512,435,15.5114109838,-3,8,2.5YR 8/6,A_first,1,1,2,1,test/trial_000006/initial.png,test/trial_000006/cand1.png,test/trial_000006/cand2.png,"[80.0, 0.0, -20.0]","[60.0, 0.0, 0.0]","[80.52685, 22.93225, 22.6042]","[78.88274, 16.2594, 3.70586]","[60.00102, -0.00082, -15.8323]","[255, 183, 159]","[145, 145, 145]","[177, 200, 235]","[228, 185, 189]","[129, 146, 172]","[255, 183, 159]","[228, 185, 189]","[145, 145, 145]"
test,7,0,apple2.png,512x512,407,52.2877854,-8,2,5BG 8/2,B_first,0,1,1,1,test/trial_000007/initial.png,test/trial_000007/cand1.png,test/trial_000007/cand2.png,"[80.0, 0.0, 5.0]","[60.0, 0.0, 0.0]","[80.52685, -6.85077, -5.16427]","[80.43235, -7.34841, -0.07355]","[60.0011, -0.00157, 3.95932]","[181, 204, 209]","[145, 145, 145]","[202, 198, 189]","[184, 204, 199]","[148, 144, 138]","[181, 204, 209]","[184, 204, 199]","[145, 145, 145]"
test,8,0,apple3.png,512x512,361,3.58888471646,-9,-6,10G 9/8,B_first,0,2,1,2,test/trial_000008/initial.png,test/trial_000008/cand1.png,test/trial_000008/cand2.png,"[80.0, 10.0, 0.0]","[60.0, 0.0, 0.0]","[90.18132, -42.12219, 2.07095]","[88.45402, -35.92796, -0.59788]","[60.00112, 7.91495, 0.00107]","[120, 249, 222]","[145, 145, 145]","[217, 192, 199]","[132, 241, 222]","[159, 140, 145]","[120, 249, 222]","[132, 241, 222]","[145, 145, 145]"
test,9,0,apple3.png,512x512,398,-39.2359982288,9,-8,10B 6/8,B_first,0,1,1,1,test/trial_000009/initial.png,test/trial_000009/cand1.png,test/trial_000009/cand2.png,"[80.0, 5.0, 0.0]","[60.0, 0.0, 0.0]","[61.0465, -7.56727, -34.1887]","[60.52405, -5.38529, -35.09128]","[60.0011, 3.95675, 0.00104]","[78, 154, 207]","[145, 145, 145]","[208, 195, 199]","[82, 152, 207]","[152, 142, 145]","[78, 154, 207]","[82, 152, 207]","[145, 145, 145]"
test,10,0,apple1.png,512x512,405,43.6844424526,-8,-6,10BG 4/4,B_first,0,1,1,1,test/trial_000010/initial.png,test/trial_000010/cand1.png,test/trial_000010/cand2.png,"[80.0, 0.0, 20.0]","[60.0, 0.0, 0.0]","[40.7365, -13.75535, -12.26666]","[39.94618, -18.81038, 0.38016]","[60.00114, -0.00192, 15.83421]","[51, 103, 116]","[145, 145, 145]","[213, 197, 161]","[55, 103, 93]","[156, 144, 117]","[51, 103, 116]","[55, 103, 93]","[145, 145, 145]"
test,11,0,apple2.png,512x512,453,15.410539338,8,-4,10RP 8/4,A_first,1,1,1,1,test/trial_000011/initial.png,test/trial_000011/cand1.png,test/trial_000011/cand2.png,"[80.0, -20.0, 0.0]","[60.0, 0.0, 0.0]","[80.52685, 19.2206, -0.62813]","[78.82603, -4.18151, -3.26893]","[60.00104, -15.83418, 0.00088]","[235, 187, 202]","[145, 145, 145]","[155, 209, 198]","[184, 198, 201]","[112, 153, 144]","[235, 187, 202]","[184, 198, 201]","[145, 145, 145]"
test,12,0,apple1.png,512x512,451,20.8494317335,5,-4,2.5Y 9/2,A_first,1,2,2,2,test/trial_000012/initial.png,test/trial_000012/cand1.png,test/trial_000012/cand2.png,"[80.0, 0.0, -10.0]","[60.0, 0.0, 0.0]","[90.18132, 4.12424, 11.03198]","[89.9263, 2.77535, 0.51709]","[60.00106, -0.00114, -7.91564]","[244, 224, 206]","[145, 145, 145]","[189, 199, 217]","[232, 224, 225]","[137, 145, 158]","[244, 224, 206]","[232, 224, 225]","[145, 145, 145]"
test,13,0,apple2.png,512x512,459,0.456292886599,4,-2,2.5YR 8/4,B_first,0,1,2,1,test/trial_000013/initial.png,test/trial_000013/cand1.png,test/trial_000013/cand2.png,"[80.0, 0.0, -15.0]","[60.0, 0.0, 0.0]","[80.52685, 16.67957, 13.38281]","[79.72569, 13.32589, -1.31606]","[60.00104, -0.00099, -11.87397]","[240, 188, 176]","[145, 145, 145]","[183, 200, 226]","[222, 189, 200]","[133, 145, 165]","[240, 188, 176]","[222, 189, 200]","[145, 145, 145]"
test,14,0,apple2.png,512x512,418,56.1877449916,5,-1,7.5Y 4/4,A_first,1,1,1,1,test/trial_000014/initial.png,test/trial_000014/cand1.png,test/trial_000014/cand2.png,"[80.0, 0.0, -15.0]","[60.0, 0.0, 0.0]","[40.7365, -1.58318, 27.26209]","[40.21256, -4.93861, 21.58692]","[60.00104, -0.00099, -11.87397]","[108, 96, 51]","[145, 145, 145]","[183, 200, 226]","[99, 96, 59]","[133, 145, 165]","[108, 96, 51]","[99, 96, 59]","[145, 145, 145]"
test,15,0,apple2.png,512x512,364,-40.2087213984,4,-13,2.5RP 8/4,B_first,0,1,1,1,test/trial_000015/initial.png,test/trial_000015/cand1.png,test/trial_000015/cand2.png,"[80.0, 0.0, 10.0]","[60.0, 0.0, 0.0]","[80.52685, 18.05892, -7.99476]","[80.6797, 18.30854, 3.06986]","[60.00112, -0.0017, 7.91762]","[227, 189, 215]","[145, 145, 145]","[206, 198, 180]","[236, 188, 195]","[151, 144, 131]","[227, 189, 215]","[236, 188, 195]","[145, 145, 145]"
test,16,0,apple2.png,512x512,383,3.06732924783,6,2,5R 6/4,B_first,0,1,1,1,test/trial_000016/initial.png,test/trial_000016/cand1.png,test/trial_000016/cand2.png,"[80.0, 15.0, 0.0]","[60.0, 0.0, 0.0]","[61.0465, 19.33918, 4.66659]","[62.53695, 32.88374, 6.98492]","[60.00113, 11.87314, 0.0011]","[183, 135, 140]","[145, 145, 145]","[226, 189, 199]","[210, 128, 140]","[166, 137, 145]","[183, 135, 140]","[210, 128, 140]","[145, 145, 145]"
