input,output,obj_code,bg_code,tint_idx,dE_pre,dE_post,scale_applied,RENORM_Y,L0,BACKGROUND_MODE
apple1_n01_s142_rot-57_dx+01_dy+06.png,apple1_n01_s142_rot-57_dx+01_dy+06__obj[2.5YR-7-4]__bg[2.5BG-7-2]__tint06.png,2.5YR 7/4,2.5BG 7/2,6,28.185593532305354,24.894538512980066,1.0,False,80.0,desat
apple1_n02_s141_rot+21_dx+12_dy+07.png,apple1_n02_s141_rot+21_dx+12_dy+07__obj[5YR-6-10]__bg[7.5GY-4-2]__tint15.png,5YR 6/10,7.5GY 4/2,15,34.929939180235436,34.975552903827264,1.0,False,80.0,desat
apple1_n03_s182_rot-56_dx+00_dy+04.png,apple1_n03_s182_rot-56_dx+00_dy+04__obj[7.5G-3-10]__bg[10Y-5-2]__tint13.png,7.5G 3/10,10Y 5/2,13,30.851552054697446,48.72501685053272,1.0,False,80.0,desat
apple1_n04_s131_rot+07_dx-03_dy-11.png,apple1_n04_s131_rot+07_dx-03_dy-11__obj[5PB-5-10]__bg[5P-9-2]__tint02.png,5PB 5/10,5P 9/2,2,37.12146105013021,34.46719501491896,1.0,False,80.0,desat
apple1_n05_s181_rot-34_dx+04_dy-09.png,apple1_n05_s181_rot-34_dx+04_dy-09__obj[2.5P-8-2]__bg[10R-7-2]__tint14.png,2.5P 8/2,10R 7/2,14,11.776263062448324,11.20619033495285,1.0,False,80.0,desat
apple1_n06_s128_rot+31_dx-04_dy+02.png,apple1_n06_s128_rot+31_dx-04_dy+02__obj[7.5P-5-4]__bg[5G-7-2]__tint04.png,7.5P 5/4,5G 7/2,4,30.35378630701175,29.161016281790765,1.0,False,80.0,desat
apple1_n07_s163_rot-41_dx-07_dy+12.png,apple1_n07_s163_rot-41_dx-07_dy+12__obj[5R-9-10]__bg[5YR-6-2]__tint15.png,5R 9/10,5YR 6/2,15,27.533506457152217,29.016205389547455,0.48884638585851503,False,80.0,desat
apple1_n08_s139_rot-14_dx-04_dy+06.png,apple1_n08_s139_rot-14_dx-04_dy+06__obj[5P-2-10]__bg[7.5Y-3-2]__tint06.png,5P 2/10,7.5Y 3/2,6,35.78360346319129,40.80083128365936,1.0,False,80.0,desat
apple1_n09_s161_rot+37_dx-11_dy-03.png,apple1_n09_s161_rot+37_dx-11_dy-03__obj[7.5BG-5-4]__bg[10RP-9-2]__tint05.png,7.5BG 5/4,10RP 9/2,5,44.09790443537128,46.52275974094436,0.8816177524094326,False,80.0,desat
apple1_n10_s176_rot-51_dx-05_dy-05.png,apple1_n10_s176_rot-51_dx-05_dy-05__obj[2.5PB-4-2]__bg[5G-3-2]__tint03.png,2.5PB 4/2,5G 3/2,3,16.363715367617786,15.980199504530963,1.0,False,80.0,desat
apple1_n11_s174_rot+09_dx+11_dy+03.png,apple1_n11_s174_rot+09_dx+11_dy+03__obj[10BG-8-10]__bg[10YR-2-2]__tint02.png,10BG 8/10,10YR 2/2,2,68.43454423652618,68.5033369397365,1.0,False,80.0,desat
apple1_n12_s157_rot+33_dx+09_dy-12.png,apple1_n12_s157_rot+33_dx+09_dy-12__obj[5GY-2-10]__bg[2.5PB-2-2]__tint16.png,5GY 2/10,2.5PB 2/2,16,36.799245693054736,45.57714274962871,1.0,False,80.0,desat
apple1_n13_s140_rot-14_dx+04_dy-07.png,apple1_n13_s140_rot-14_dx+04_dy-07__obj[7.5B-5-2]__bg[10Y-5-2]__tint08.png,7.5B 5/2,10Y 5/2,8,18.247576584598495,18.209268977575448,1.0,False,80.0,desat
apple1_n14_s148_rot-16_dx-01_dy+05.png,apple1_n14_s148_rot-16_dx-01_dy+05__obj[5B-3-10]__bg[5YR-9-2]__tint07.png,5B 3/10,5YR 9/2,7,64.27889563481432,65.89701775080759,0.9488351736238857,False,80.0,desat
apple1_n15_s137_rot+13_dx-01_dy-05.png,apple1_n15_s137_rot+13_dx-01_dy-05__obj[5RP-4-2]__bg[2.5G-8-2]__tint16.png,5RP 4/2,2.5G 8/2,16,41.93016947971534,40.54854247787947,1.0,False,80.0,desat
apple1_n16_s148_rot-05_dx+06_dy-03.png,apple1_n16_s148_rot-05_dx+06_dy-03__obj[10G-8-6]__bg[2.5BG-7-2]__tint13.png,10G 8/6,2.5BG 7/2,13,15.886034894614143,28.90969661322963,1.0,False,80.0,desat
apple1_n17_s156_rot+22_dx+02_dy-13.png,apple1_n17_s156_rot+22_dx+02_dy-13__obj[2.5RP-6-8]__bg[2.5PB-8-2]__tint09.png,2.5RP 6/8,2.5PB 8/2,9,24.881819478279905,18.237833771815367,1.0,False,80.0,desat
apple1_n18_s157_rot+39_dx-10_dy+07.png,apple1_n18_s157_rot+39_dx-10_dy+07__obj[10Y-6-2]__bg[5BG-7-2]__tint02.png,10Y 6/2,5BG 7/2,2,17.115413009598125,16.175932520903512,1.0,False,80.0,desat
apple1_n19_s136_rot-35_dx+10_dy-10.png,apple1_n19_s136_rot-35_dx+10_dy-10__obj[2.5BG-9-10]__bg[2.5PB-2-2]__tint04.png,2.5BG 9/10,2.5PB 2/2,4,71.312481657103,71.20387791667957,1.0,False,80.0,desat
apple1_n20_s168_rot-34_dx+07_dy-06.png,apple1_n20_s168_rot-34_dx+07_dy-06__obj[2.5BG-3-10]__bg[5YR-2-2]__tint00.png,2.5BG 3/10,5YR 2/2,0,36.98182917138507,36.98021490610848,1.0,False,80.0,desat
apple2_n01_s186_rot-43_dx+00_dy-05.png,apple2_n01_s186_rot-43_dx+00_dy-05__obj[7.5RP-2-8]__bg[2.5B-6-2]__tint10.png,7.5RP 2/8,2.5B 6/2,10,45.148207331370344,50.57110224356022,1.0,False,80.0,desat
apple2_n02_s161_rot+30_dx-07_dy-04.png,apple2_n02_s161_rot+30_dx-07_dy-04__obj[7.5Y-2-6]__bg[2.5PB-4-2]__tint16.png,7.5Y 2/6,2.5PB 4/2,16,35.3899319362892,45.15211185259989,1.0,False,80.0,desat
apple2_n03_s174_rot-34_dx-15_dy-01.png,apple2_n03_s174_rot-34_dx-15_dy-01__obj[7.5BG-7-6]__bg[5R-9-2]__tint10.png,7.5BG 7/6,5R 9/2,10,43.45762188461795,18.611265049702627,1.0,False,80.0,desat
apple2_n04_s139_rot+31_dx+08_dy+11.png,apple2_n04_s139_rot+31_dx+08_dy+11__obj[5BG-7-8]__bg[5Y-8-2]__tint01.png,5BG 7/8,5Y 8/2,1,28.771491610245878,33.806882019776886,1.0,False,80.0,desat
apple2_n05_s148_rot+35_dx+07_dy+03.png,apple2_n05_s148_rot+35_dx+07_dy+03__obj[5GY-9-8]__bg[2.5GY-7-2]__tint10.png,5GY 9/8,2.5GY 7/2,10,22.585060999870603,21.777489014010076,1.0,False,80.0,desat
apple2_n06_s176_rot+12_dx+00_dy+09.png,apple2_n06_s176_rot+12_dx+00_dy+09__obj[5P-2-8]__bg[5RP-5-2]__tint06.png,5P 2/8,5RP 5/2,6,29.495826328279442,31.395911411353843,1.0,False,80.0,desat
apple2_n07_s129_rot+22_dx+03_dy-03.png,apple2_n07_s129_rot+22_dx+03_dy-03__obj[7.5BG-2-2]__bg[10R-8-2]__tint15.png,7.5BG 2/2,10R 8/2,15,63.99021885662467,65.29163337608972,1.0,False,80.0,desat
apple2_n08_s162_rot+32_dx-02_dy+07.png,apple2_n08_s162_rot+32_dx-02_dy+07__obj[2.5BG-4-6]__bg[10P-7-2]__tint11.png,2.5BG 4/6,10P 7/2,11,46.29742240712096,46.13147959885487,1.0,False,80.0,desat
apple2_n09_s148_rot-06_dx+10_dy-10.png,apple2_n09_s148_rot-06_dx+10_dy-10__obj[10G-9-8]__bg[7.5G-3-2]__tint14.png,10G 9/8,7.5G 3/2,14,55.321462607162374,55.38813196201997,0.9215200645640121,False,80.0,desat
apple2_n10_s161_rot+57_dx-12_dy-01.png,apple2_n10_s161_rot+57_dx-12_dy-01__obj[5PB-2-6]__bg[5P-5-2]__tint15.png,5PB 2/6,5P 5/2,15,29.233572307754706,33.895933678959,1.0,False,80.0,desat
apple2_n11_s141_rot+44_dx-04_dy-05.png,apple2_n11_s141_rot+44_dx-04_dy-05__obj[7.5B-8-10]__bg[7.5B-5-2]__tint13.png,7.5B 8/10,7.5B 5/2,13,30.237764614431924,41.45266657597053,0.7862415767587971,False,80.0,desat
apple2_n12_s153_rot-42_dx-12_dy-03.png,apple2_n12_s153_rot-42_dx-12_dy-03__obj[2.5RP-3-4]__bg[10R-5-2]__tint16.png,2.5RP 3/4,10R 5/2,16,21.517017322600225,20.331302863533725,1.0,False,80.0,desat
apple2_n13_s128_rot+12_dx+07_dy+06.png,apple2_n13_s128_rot+12_dx+07_dy+06__obj[7.5P-7-4]__bg[7.5Y-3-2]__tint12.png,7.5P 7/4,7.5Y 3/2,12,47.73429725962879,48.87916607387025,1.0,False,80.0,desat
apple2_n14_s174_rot+45_dx-05_dy+12.png,apple2_n14_s174_rot+45_dx-05_dy+12__obj[2.5BG-9-4]__bg[5GY-8-2]__tint10.png,2.5BG 9/4,5GY 8/2,10,18.161296621578753,12.81650847356617,1.0,False,80.0,desat
apple2_n15_s135_rot-31_dx+09_dy+05.png,apple2_n15_s135_rot-31_dx+09_dy+05__obj[5R-4-2]__bg[7.5R-8-2]__tint01.png,5R 4/2,7.5R 8/2,1,34.76393439346899,34.54370297204514,1.0,False,80.0,desat
apple2_n16_s190_rot+38_dx-14_dy-03.png,apple2_n16_s190_rot+38_dx-14_dy-03__obj[10PB-5-4]__bg[5GY-2-2]__tint05.png,10PB 5/4,5GY 2/2,5,36.27380662647746,35.09762397883952,1.0,False,80.0,desat
apple2_n17_s144_rot-45_dx-08_dy-03.png,apple2_n17_s144_rot-45_dx-08_dy-03__obj[5G-7-4]__bg[10RP-3-2]__tint09.png,5G 7/4,10RP 3/2,9,54.49417408984847,49.438892197774905,1.0,False,80.0,desat
apple2_n18_s161_rot+03_dx+10_dy-02.png,apple2_n18_s161_rot+03_dx+10_dy-02__obj[5RP-9-6]__bg[5PB-9-2]__tint11.png,5RP 9/6,5PB 9/2,11,18.09985934971872,18.830807131369145,0.7099033187972655,False,80.0,desat
apple2_n19_s153_rot+26_dx-04_dy-07.png,apple2_n19_s153_rot+26_dx-04_dy-07__obj[2.5Y-2-8]__bg[10PB-6-2]__tint04.png,2.5Y 2/8,10PB 6/2,4,49.042848500622284,51.43033924331371,1.0,False,80.0,desat
apple2_n20_s175_rot-07_dx+07_dy+06.png,apple2_n20_s175_rot-07_dx+07_dy+06__obj[7.5GY-7-2]__bg[10P-8-2]__tint15.png,7.5GY 7/2,10P 8/2,15,24.252050224719376,17.890309646806195,1.0,False,80.0,desat
apple3_n01_s156_rot-52_dx-03_dy-01.png,apple3_n01_s156_rot-52_dx-03_dy-01__obj[2.5GY-7-2]__bg[7.5YR-4-2]__tint15.png,2.5GY 7/2,7.5YR 4/2,15,31.195055790620074,30.049903792598577,1.0,False,80.0,desat
apple3_n02_s156_rot-59_dx+11_dy+04.png,apple3_n02_s156_rot-59_dx+11_dy+04__obj[2.5G-2-4]__bg[5GY-3-2]__tint00.png,2.5G 2/4,5GY 3/2,0,12.954483662549926,12.953911491298854,1.0,False,80.0,desat
apple3_n03_s136_rot+49_dx+12_dy+06.png,apple3_n03_s136_rot+49_dx+12_dy+06__obj[5R-5-8]__bg[10R-9-2]__tint12.png,5R 5/8,10R 9/2,12,33.68283669935722,36.93534779450425,0.9603748470710745,False,80.0,desat
apple3_n04_s158_rot-27_dx-09_dy-02.png,apple3_n04_s158_rot-27_dx-09_dy-02__obj[5BG-5-6]__bg[5BG-3-2]__tint11.png,5BG 5/6,5BG 3/2,11,22.437225160548355,22.497479805020212,1.0,False,80.0,desat
apple3_n05_s188_rot-31_dx-07_dy+05.png,apple3_n05_s188_rot-31_dx-07_dy+05__obj[5Y-6-8]__bg[7.5B-9-2]__tint10.png,5Y 6/8,7.5B 9/2,10,40.31238808466143,40.00532806826005,1.0,False,80.0,desat
apple3_n06_s140_rot-48_dx-07_dy+04.png,apple3_n06_s140_rot-48_dx-07_dy+04__obj[7.5P-2-6]__bg[2.5G-7-2]__tint15.png,7.5P 2/6,2.5G 7/2,15,55.08279107448731,60.83705847710683,1.0,False,80.0,desat
apple3_n07_s187_rot+44_dx-02_dy-03.png,apple3_n07_s187_rot+44_dx-02_dy-03__obj[7.5PB-5-10]__bg[5R-5-2]__tint13.png,7.5PB 5/10,5R 5/2,13,23.25348656011681,23.55412019635856,1.0,False,80.0,desat
apple3_n08_s140_rot-53_dx+04_dy-11.png,apple3_n08_s140_rot-53_dx+04_dy-11__obj[10R-9-4]__bg[2.5R-8-2]__tint11.png,10R 9/4,2.5R 8/2,11,12.412945152848822,10.606544390336444,0.7543675183514988,False,80.0,desat
apple3_n09_s141_rot-30_dx-05_dy+02.png,apple3_n09_s141_rot-30_dx-05_dy+02__obj[10G-2-10]__bg[10RP-9-2]__tint15.png,10G 2/10,10RP 9/2,15,79.65991904736336,78.4984384210813,0.9227232517191145,False,80.0,desat
apple3_n10_s182_rot-38_dx+06_dy-06.png,apple3_n10_s182_rot-38_dx+06_dy-06__obj[7.5B-6-10]__bg[2.5P-7-2]__tint14.png,7.5B 6/10,2.5P 7/2,14,33.037982942899184,13.09662721572962,1.0,False,80.0,desat
apple3_n11_s137_rot-07_dx-13_dy-04.png,apple3_n11_s137_rot-07_dx-13_dy-04__obj[10Y-8-4]__bg[10G-7-2]__tint15.png,10Y 8/4,10G 7/2,15,20.531747691571237,16.42634624305464,1.0,False,80.0,desat
apple3_n12_s134_rot+18_dx+09_dy+01.png,apple3_n12_s134_rot+18_dx+09_dy+01__obj[5P-5-2]__bg[5P-4-2]__tint12.png,5P 5/2,5P 4/2,12,9.904845205432377,9.928406270604006,1.0,False,80.0,desat
apple3_n13_s139_rot+51_dx+07_dy+11.png,apple3_n13_s139_rot+51_dx+07_dy+11__obj[10GY-5-6]__bg[7.5G-2-2]__tint07.png,10GY 5/6,7.5G 2/2,7,30.47595212807608,29.754055224989244,1.0,False,80.0,desat
apple3_n14_s190_rot-02_dx+11_dy-08.png,apple3_n14_s190_rot-02_dx+11_dy-08__obj[5P-3-2]__bg[10G-8-2]__tint14.png,5P 3/2,10G 8/2,14,51.92689565397451,53.11118511710481,1.0,False,80.0,desat
apple3_n15_s149_rot-15_dx-01_dy+15.png,apple3_n15_s149_rot-15_dx-01_dy+15__obj[10B-3-4]__bg[7.5R-4-2]__tint14.png,10B 3/4,7.5R 4/2,14,26.326313240333377,16.17868730778321,1.0,False,80.0,desat
apple3_n16_s186_rot-26_dx-01_dy-11.png,apple3_n16_s186_rot-26_dx-01_dy-11__obj[10PB-9-6]__bg[10YR-3-2]__tint02.png,10PB 9/6,10YR 3/2,2,58.55227936810025,59.02719213895848,0.7683328168245649,False,80.0,desat
apple3_n17_s190_rot-41_dx+06_dy-01.png,apple3_n17_s190_rot-41_dx+06_dy-01__obj[10GY-7-8]__bg[7.5BG-3-2]__tint01.png,10GY 7/8,7.5BG 3/2,1,47.584246757010355,47.75091098915084,1.0,False,80.0,desat
apple3_n18_s135_rot+30_dx-03_dy-02.png,apple3_n18_s135_rot+30_dx-03_dy-02__obj[5B-6-10]__bg[5R-9-2]__tint06.png,5B 6/10,5R 9/2,6,47.9845745806342,28.207066424459327,1.0,False,80.0,desat
apple3_n19_s192_rot+50_dx+09_dy+03.png,apple3_n19_s192_rot+50_dx+09_dy+03__obj[10GY-8-10]__bg[10G-9-2]__tint01.png,10GY 8/10,10G 9/2,1,25.189228287462605,27.25035641203786,1.0,False,80.0,desat
apple3_n20_s138_rot+42_dx+03_dy+02.png,apple3_n20_s138_rot+42_dx+03_dy+02__obj[10P-6-10]__bg[2.5GY-3-2]__tint02.png,10P 6/10,2.5GY 3/2,2,46.2950631070484,47.37049374501409,1.0,False,80.0,desat
baby1_n01_s158_rot-12_dx-13_dy-06.png,baby1_n01_s158_rot-12_dx-13_dy-06__obj[2.5B-7-10]__bg[10G-4-2]__tint02.png,2.5B 7/10,10G 4/2,2,33.7873196339418,33.66872504512691,1.0,False,80.0,desat
baby1_n02_s133_rot+14_dx-07_dy-04.png,baby1_n02_s133_rot+14_dx-07_dy-04__obj[2.5B-2-4]__bg[5RP-6-2]__tint09.png,2.5B 2/4,5RP 6/2,9,46.37943096187131,50.82447349353404,1.0,False,80.0,desat
baby1_n03_s168_rot+52_dx-01_dy-05.png,baby1_n03_s168_rot+52_dx-01_dy-05__obj[10YR-9-6]__bg[10P-7-2]__tint02.png,10YR 9/6,10P 7/2,2,31.197984286848286,31.14954812584701,0.9728725086921957,False,80.0,desat
baby1_n04_s158_rot-28_dx-03_dy-04.png,baby1_n04_s158_rot-28_dx-03_dy-04__obj[2.5B-4-4]__bg[2.5YR-9-2]__tint14.png,2.5B 4/4,2.5YR 9/2,14,51.62588078865115,39.6506672404491,1.0,False,80.0,desat
baby1_n05_s186_rot-22_dx+11_dy+05.png,baby1_n05_s186_rot-22_dx+11_dy+05__obj[10G-3-2]__bg[10RP-3-2]__tint07.png,10G 3/2,10RP 3/2,7,24.82536395012414,26.798653693256956,1.0,False,80.0,desat
baby1_n06_s186_rot+15_dx+08_dy+06.png,baby1_n06_s186_rot+15_dx+08_dy+06__obj[7.5G-9-6]__bg[7.5B-2-2]__tint14.png,7.5G 9/6,7.5B 2/2,14,69.74845793236487,69.92224678739453,0.9644729974088303,False,80.0,desat
baby1_n07_s155_rot+01_dx-03_dy+04.png,baby1_n07_s155_rot+01_dx-03_dy+04__obj[7.5GY-6-8]__bg[7.5YR-6-2]__tint09.png,7.5GY 6/8,7.5YR 6/2,9,30.10854007090333,37.04871370977518,1.0,False,80.0,desat
baby1_n08_s136_rot+46_dx+04_dy+06.png,baby1_n08_s136_rot+46_dx+04_dy+06__obj[5PB-6-8]__bg[10B-4-2]__tint09.png,5PB 6/8,10B 4/2,9,22.99855381961715,24.293910992687493,1.0,False,80.0,desat
baby1_n09_s166_rot+13_dx-08_dy-12.png,baby1_n09_s166_rot+13_dx-08_dy-12__obj[2.5RP-8-2]__bg[5G-8-2]__tint03.png,2.5RP 8/2,5G 8/2,3,21.64408696303404,24.275176931243028,1.0,False,80.0,desat
baby1_n10_s129_rot+20_dx+09_dy-04.png,baby1_n10_s129_rot+20_dx+09_dy-04__obj[7.5YR-6-6]__bg[7.5RP-7-2]__tint02.png,7.5YR 6/6,7.5RP 7/2,2,23.90436671563443,24.062566512696453,1.0,False,80.0,desat
baby1_n11_s141_rot+53_dx+03_dy+03.png,baby1_n11_s141_rot+53_dx+03_dy+03__obj[7.5RP-3-10]__bg[5Y-3-2]__tint10.png,7.5RP 3/10,5Y 3/2,10,29.923623721349617,39.058325017985794,1.0,False,80.0,desat
baby1_n12_s141_rot+29_dx-01_dy+05.png,baby1_n12_s141_rot+29_dx-01_dy+05__obj[2.5GY-2-2]__bg[2.5RP-9-2]__tint11.png,2.5GY 2/2,2.5RP 9/2,11,69.12094109842879,67.55178382086434,1.0,False,80.0,desat
baby1_n13_s154_rot+26_dx-04_dy-04.png,baby1_n13_s154_rot+26_dx-04_dy-04__obj[10GY-7-2]__bg[2.5B-7-2]__tint11.png,10GY 7/2,2.5B 7/2,11,12.551880818627478,8.105675889801756,1.0,False,80.0,desat
baby1_n14_s161_rot+01_dx+05_dy-03.png,baby1_n14_s161_rot+01_dx+05_dy-03__obj[5Y-6-10]__bg[7.5RP-2-2]__tint06.png,5Y 6/10,7.5RP 2/2,6,52.28598241988087,51.80699808636403,1.0,False,80.0,desat
baby1_n15_s134_rot-49_dx-01_dy+08.png,baby1_n15_s134_rot-49_dx-01_dy+08__obj[10YR-4-8]__bg[7.5P-8-2]__tint07.png,10YR 4/8,7.5P 8/2,7,47.215889288625895,41.07786616894975,1.0,False,80.0,desat
baby1_n16_s128_rot-20_dx+05_dy-01.png,baby1_n16_s128_rot-20_dx+05_dy-01__obj[7.5G-2-8]__bg[10YR-7-2]__tint06.png,7.5G 2/8,10YR 7/2,6,57.643490665515245,50.718446015645874,1.0,False,80.0,desat
baby1_n17_s148_rot+29_dx-09_dy+04.png,baby1_n17_s148_rot+29_dx-09_dy+04__obj[7.5PB-2-2]__bg[5PB-7-2]__tint01.png,7.5PB 2/2,5PB 7/2,1,48.37472298453079,48.36456542110523,1.0,False,80.0,desat
baby1_n18_s129_rot-47_dx-05_dy-13.png,baby1_n18_s129_rot-47_dx-05_dy-13__obj[5YR-5-2]__bg[5PB-2-2]__tint06.png,5YR 5/2,5PB 2/2,6,29.962687438744577,28.906722071726765,1.0,False,80.0,desat
baby1_n19_s147_rot+05_dx-11_dy-06.png,baby1_n19_s147_rot+05_dx-11_dy-06__obj[2.5GY-9-6]__bg[7.5B-3-2]__tint08.png,2.5GY 9/6,7.5B 3/2,8,62.01840843368136,62.72110651986362,1.0,False,80.0,desat
baby1_n20_s146_rot-08_dx-02_dy+03.png,baby1_n20_s146_rot-08_dx-02_dy+03__obj[10BG-2-4]__bg[2.5G-3-2]__tint08.png,10BG 2/4,2.5G 3/2,8,13.660614108808405,11.908932124883014,1.0,False,80.0,desat
baby2_n01_s133_rot+48_dx+00_dy+06.png,baby2_n01_s133_rot+48_dx+00_dy+06__obj[7.5P-5-2]__bg[7.5R-9-2]__tint01.png,7.5P 5/2,7.5R 9/2,1,30.608946350830827,30.643482339155128,0.9495131335305969,False,80.0,desat
baby2_n02_s141_rot-18_dx+07_dy-07.png,baby2_n02_s141_rot-18_dx+07_dy-07__obj[7.5BG-5-4]__bg[5R-5-2]__tint16.png,7.5BG 5/4,5R 5/2,16,35.065771579241016,23.315153644522155,1.0,False,80.0,desat
baby2_n03_s147_rot+51_dx+03_dy+05.png,baby2_n03_s147_rot+51_dx+03_dy+05__obj[7.5GY-9-4]__bg[7.5PB-2-2]__tint13.png,7.5GY 9/4,7.5PB 2/2,13,71.72689213622975,69.67453115658661,1.0,False,80.0,desat
baby2_n04_s150_rot+46_dx+00_dy-03.png,baby2_n04_s150_rot+46_dx+00_dy-03__obj[7.5RP-2-4]__bg[7.5BG-6-2]__tint02.png,7.5RP 2/4,7.5BG 6/2,2,45.6147109674321,47.807114431846024,1.0,False,80.0,desat
baby2_n05_s170_rot+34_dx-04_dy-07.png,baby2_n05_s170_rot+34_dx-04_dy-07__obj[7.5B-6-4]__bg[10G-8-2]__tint16.png,7.5B 6/4,10G 8/2,16,18.435267286184665,15.09786221055118,1.0,False,80.0,desat
baby2_n06_s159_rot-28_dx+10_dy+08.png,baby2_n06_s159_rot-28_dx+10_dy+08__obj[10B-9-8]__bg[10P-8-2]__tint05.png,10B 9/8,10P 8/2,5,33.192663519636966,33.77959588395571,0.6889954767442322,False,80.0,desat
baby2_n07_s132_rot+43_dx+02_dy-05.png,baby2_n07_s132_rot+43_dx+02_dy-05__obj[2.5Y-3-8]__bg[7.5R-5-2]__tint13.png,2.5Y 3/8,7.5R 5/2,13,33.024009604392155,34.78815488192165,1.0,False,80.0,desat
baby2_n08_s186_rot-18_dx+09_dy-09.png,baby2_n08_s186_rot-18_dx+09_dy-09__obj[7.5B-3-6]__bg[5G-3-2]__tint16.png,7.5B 3/6,5G 3/2,16,17.84952158207605,14.088545631513803,1.0,False,80.0,desat
baby2_n09_s156_rot-57_dx-03_dy+05.png,baby2_n09_s156_rot-57_dx-03_dy+05__obj[10BG-6-6]__bg[10YR-7-2]__tint07.png,10BG 6/6,10YR 7/2,7,30.608476658776556,32.24562481480811,1.0,False,80.0,desat
baby2_n10_s136_rot+56_dx-04_dy-05.png,baby2_n10_s136_rot+56_dx-04_dy-05__obj[2.5YR-6-6]__bg[5RP-5-2]__tint05.png,2.5YR 6/6,5RP 5/2,5,20.316618381150878,20.33617554728145,1.0,False,80.0,desat
baby2_n11_s179_rot+22_dx-06_dy+11.png,baby2_n11_s179_rot+22_dx-06_dy+11__obj[2.5PB-2-2]__bg[2.5P-7-2]__tint10.png,2.5PB 2/2,2.5P 7/2,10,49.10076094811856,47.945283730595875,1.0,False,80.0,desat
baby2_n12_s131_rot-46_dx+06_dy+13.png,baby2_n12_s131_rot-46_dx+06_dy+13__obj[7.5R-7-4]__bg[10R-5-2]__tint09.png,7.5R 7/4,10R 5/2,9,18.333426030033763,18.472615225986285,1.0,False,80.0,desat
baby2_n13_s161_rot-55_dx-06_dy+08.png,baby2_n13_s161_rot-55_dx-06_dy+08__obj[7.5YR-5-8]__bg[2.5B-9-2]__tint14.png,7.5YR 5/8,2.5B 9/2,14,44.117030827384625,45.74624260696602,1.0,False,80.0,desat
baby2_n14_s168_rot-08_dx+11_dy+10.png,baby2_n14_s168_rot-08_dx+11_dy+10__obj[7.5B-6-6]__bg[2.5GY-2-2]__tint00.png,7.5B 6/6,2.5GY 2/2,0,43.65355848583979,43.65407093822628,1.0,False,80.0,desat
baby2_n15_s152_rot-29_dx+12_dy+00.png,baby2_n15_s152_rot-29_dx+12_dy+00__obj[7.5BG-6-6]__bg[2.5GY-3-2]__tint02.png,7.5BG 6/6,2.5GY 3/2,2,36.47887185383688,36.172862724165746,1.0,False,80.0,desat
baby2_n16_s153_rot-16_dx-02_dy-03.png,baby2_n16_s153_rot-16_dx-02_dy-03__obj[10R-8-6]__bg[5B-7-2]__tint01.png,10R 8/6,5B 7/2,1,29.80433765700562,26.921666116500404,0.8680236800479526,False,80.0,desat
baby2_n17_s170_rot+15_dx+08_dy+08.png,baby2_n17_s170_rot+15_dx+08_dy+08__obj[2.5B-9-2]__bg[7.5R-4-2]__tint09.png,2.5B 9/2,7.5R 4/2,9,45.91986577491265,40.96086436889813,1.0,False,80.0,desat
baby2_n18_s166_rot+01_dx-05_dy+10.png,baby2_n18_s166_rot+01_dx-05_dy+10__obj[7.5BG-7-8]__bg[2.5P-8-2]__tint05.png,7.5BG 7/8,2.5P 8/2,5,34.38038452467709,44.230261126992545,1.0,False,80.0,desat
baby2_n19_s165_rot+07_dx-03_dy-05.png,baby2_n19_s165_rot+07_dx-03_dy-05__obj[7.5RP-7-2]__bg[7.5GY-4-2]__tint13.png,7.5RP 7/2,7.5GY 4/2,13,36.556084701019444,33.85961202702149,1.0,False,80.0,desat
baby2_n20_s176_rot+21_dx-10_dy-09.png,baby2_n20_s176_rot+21_dx-10_dy-09__obj[7.5P-7-6]__bg[5P-4-2]__tint08.png,7.5P 7/6,5P 4/2,8,29.52168927291647,29.19512766213497,1.0,False,80.0,desat
baby3_n01_s166_rot-11_dx-04_dy+12.png,baby3_n01_s166_rot-11_dx-04_dy+12__obj[2.5BG-3-4]__bg[5YR-2-2]__tint02.png,2.5BG 3/4,5YR 2/2,2,31.12026405538747,29.05576591760919,1.0,False,80.0,desat
baby3_n02_s154_rot-08_dx-06_dy-08.png,baby3_n02_s154_rot-08_dx-06_dy-08__obj[2.5RP-7-4]__bg[2.5BG-6-2]__tint10.png,2.5RP 7/4,2.5BG 6/2,10,27.447955321006624,22.153935611652003,1.0,False,80.0,desat
baby3_n03_s187_rot-07_dx-11_dy-01.png,baby3_n03_s187_rot-07_dx-11_dy-01__obj[7.5RP-3-2]__bg[5GY-6-2]__tint03.png,7.5RP 3/2,5GY 6/2,3,37.81899366387339,37.81117119662283,1.0,False,80.0,desat
baby3_n04_s149_rot+19_dx-03_dy-05.png,baby3_n04_s149_rot+19_dx-03_dy-05__obj[10GY-7-8]__bg[2.5BG-5-2]__tint02.png,10GY 7/8,2.5BG 5/2,2,27.95639577071254,27.38577537951989,1.0,False,80.0,desat
baby3_n05_s170_rot-49_dx+01_dy+14.png,baby3_n05_s170_rot-49_dx+01_dy+14__obj[10R-8-10]__bg[10G-4-2]__tint09.png,10R 8/10,10G 4/2,9,48.420762198883494,47.32210590019264,0.561044535816561,False,80.0,desat
baby3_n06_s167_rot-33_dx+05_dy+01.png,baby3_n06_s167_rot-33_dx+05_dy+01__obj[5BG-8-6]__bg[7.5B-8-2]__tint13.png,5BG 8/6,7.5B 8/2,13,20.312727496622436,32.26738145580208,1.0,False,80.0,desat
baby3_n07_s159_rot+58_dx+01_dy-10.png,baby3_n07_s159_rot+58_dx+01_dy-10__obj[10P-7-6]__bg[5BG-3-2]__tint06.png,10P 7/6,5BG 3/2,6,46.95174925208089,46.85016453212297,1.0,False,80.0,desat
baby3_n08_s186_rot-10_dx+04_dy+10.png,baby3_n08_s186_rot-10_dx+04_dy+10__obj[7.5PB-5-8]__bg[10YR-9-2]__tint08.png,7.5PB 5/8,10YR 9/2,8,40.69321799443104,36.958174663505204,1.0,False,80.0,desat
baby3_n09_s177_rot-01_dx-03_dy-05.png,baby3_n09_s177_rot-01_dx-03_dy-05__obj[10BG-7-8]__bg[2.5G-6-2]__tint10.png,10BG 7/8,2.5G 6/2,10,19.965173644796238,16.84931696870338,1.0,False,80.0,desat
baby3_n10_s128_rot+47_dx+10_dy-09.png,baby3_n10_s128_rot+47_dx+10_dy-09__obj[2.5PB-2-8]__bg[2.5PB-5-2]__tint12.png,2.5PB 2/8,2.5PB 5/2,12,28.980552060051988,25.811165791589108,1.0,False,80.0,desat
baby3_n11_s182_rot-34_dx-04_dy-12.png,baby3_n11_s182_rot-34_dx-04_dy-12__obj[10G-2-4]__bg[2.5GY-9-2]__tint11.png,10G 2/4,2.5GY 9/2,11,68.12047845195853,69.84311279423551,1.0,False,80.0,desat
baby3_n12_s187_rot-54_dx+03_dy-05.png,baby3_n12_s187_rot-54_dx+03_dy-05__obj[2.5G-7-2]__bg[5GY-9-2]__tint16.png,2.5G 7/2,5GY 9/2,16,15.898685223299843,13.496421127651185,1.0,False,80.0,desat
baby3_n13_s186_rot-44_dx-08_dy-02.png,baby3_n13_s186_rot-44_dx-08_dy-02__obj[7.5RP-3-4]__bg[5R-6-2]__tint10.png,7.5RP 3/4,5R 6/2,10,30.433491677341294,34.84515045405511,1.0,False,80.0,desat
baby3_n14_s168_rot+54_dx-10_dy-09.png,baby3_n14_s168_rot+54_dx-10_dy-09__obj[5PB-9-4]__bg[5GY-5-2]__tint10.png,5PB 9/4,5GY 5/2,10,38.816454873267105,37.50059044631956,0.8913337388691637,False,80.0,desat
baby3_n15_s192_rot-09_dx-13_dy+05.png,baby3_n15_s192_rot-09_dx-13_dy+05__obj[10BG-4-10]__bg[2.5GY-5-2]__tint02.png,10BG 4/10,2.5GY 5/2,2,30.235935047437838,28.198989283862044,1.0,False,80.0,desat
baby3_n16_s148_rot+29_dx-01_dy+09.png,baby3_n16_s148_rot+29_dx-01_dy+09__obj[7.5B-6-6]__bg[5BG-8-2]__tint01.png,7.5B 6/6,5BG 8/2,1,18.880207287788533,19.40672812115646,1.0,False,80.0,desat
baby3_n17_s159_rot+41_dx+01_dy-06.png,baby3_n17_s159_rot+41_dx+01_dy-06__obj[2.5B-7-4]__bg[7.5R-3-2]__tint13.png,2.5B 7/4,7.5R 3/2,13,52.94373799071106,44.18456015818854,1.0,False,80.0,desat
baby3_n18_s190_rot+15_dx+06_dy+03.png,baby3_n18_s190_rot+15_dx+06_dy+03__obj[2.5Y-3-8]__bg[5G-8-2]__tint05.png,2.5Y 3/8,5G 8/2,5,54.680656161324485,52.45088220283369,1.0,False,80.0,desat
baby3_n19_s164_rot-32_dx+06_dy-04.png,baby3_n19_s164_rot-32_dx+06_dy-04__obj[5PB-6-10]__bg[10YR-5-2]__tint07.png,5PB 6/10,10YR 5/2,7,31.569098419917903,32.60750228298663,1.0,False,80.0,desat
baby3_n20_s138_rot-43_dx-02_dy-05.png,baby3_n20_s138_rot-43_dx-02_dy-05__obj[10Y-3-6]__bg[5RP-3-2]__tint16.png,10Y 3/6,5RP 3/2,16,34.227449874622764,41.869313569080106,1.0,False,80.0,desat
face1_n01_s155_rot-52_dx-08_dy-02.png,face1_n01_s155_rot-52_dx-08_dy-02__obj[7.5G-3-10]__bg[2.5YR-9-2]__tint02.png,7.5G 3/10,2.5YR 9/2,2,65.6994581426663,60.25167090317851,1.0,False,80.0,desat
face1_n02_s181_rot-53_dx+12_dy-04.png,face1_n02_s181_rot-53_dx+12_dy-04__obj[5BG-3-2]__bg[5PB-6-2]__tint09.png,5BG 3/2,5PB 6/2,9,32.240565657582415,33.950901997251606,1.0,False,80.0,desat
face1_n03_s130_rot+43_dx-09_dy+08.png,face1_n03_s130_rot+43_dx-09_dy+08__obj[2.5BG-3-4]__bg[7.5YR-7-2]__tint10.png,2.5BG 3/4,7.5YR 7/2,10,49.946143075245196,40.48931555502223,1.0,False,80.0,desat
face1_n04_s128_rot+53_dx-05_dy+04.png,face1_n04_s128_rot+53_dx-05_dy+04__obj[10R-4-10]__bg[2.5P-7-2]__tint02.png,10R 4/10,2.5P 7/2,2,39.65866331330125,41.37804755540369,1.0,False,80.0,desat
face1_n05_s181_rot+05_dx+04_dy-11.png,face1_n05_s181_rot+05_dx+04_dy-11__obj[2.5PB-7-6]__bg[7.5P-5-2]__tint12.png,2.5PB 7/6,7.5P 5/2,12,25.962222093355987,24.30307822436108,1.0,False,80.0,desat
face1_n06_s156_rot-01_dx-06_dy+01.png,face1_n06_s156_rot-01_dx-06_dy+01__obj[5BG-7-6]__bg[2.5YR-3-2]__tint07.png,5BG 7/6,2.5YR 3/2,7,53.71396791408011,53.45242737851437,1.0,False,80.0,desat
face1_n07_s177_rot-20_dx-09_dy+06.png,face1_n07_s177_rot-20_dx-09_dy+06__obj[5R-5-2]__bg[5R-6-2]__tint01.png,5R 5/2,5R 6/2,1,9.373779126300729,9.341237288911541,1.0,False,80.0,desat
face1_n08_s149_rot+41_dx+14_dy-02.png,face1_n08_s149_rot+41_dx+14_dy-02__obj[2.5G-4-6]__bg[5B-7-2]__tint01.png,2.5G 4/6,5B 7/2,1,37.24735614890856,38.81034201742984,1.0,False,80.0,desat
face1_n09_s131_rot+49_dx-05_dy-09.png,face1_n09_s131_rot+49_dx-05_dy-09__obj[5P-2-10]__bg[7.5BG-2-2]__tint02.png,5P 2/10,7.5BG 2/2,2,15.483641889459703,17.24337117439571,1.0,False,80.0,desat
face1_n10_s138_rot+17_dx-04_dy+01.png,face1_n10_s138_rot+17_dx-04_dy+01__obj[5G-8-4]__bg[10YR-4-2]__tint11.png,5G 8/4,10YR 4/2,11,43.43273361783244,41.87161020956242,1.0,False,80.0,desat
face1_n11_s134_rot-29_dx-07_dy+02.png,face1_n11_s134_rot-29_dx-07_dy+02__obj[7.5G-2-8]__bg[5PB-8-2]__tint04.png,7.5G 2/8,5PB 8/2,4,66.43327313965958,66.14936458578998,1.0,False,80.0,desat
face1_n12_s171_rot+31_dx+00_dy-08.png,face1_n12_s171_rot+31_dx+00_dy-08__obj[7.5P-7-8]__bg[7.5Y-8-2]__tint06.png,7.5P 7/8,7.5Y 8/2,6,32.63083938579215,32.36628834254519,1.0,False,80.0,desat
face1_n13_s181_rot-30_dx+04_dy+00.png,face1_n13_s181_rot-30_dx+04_dy+00__obj[2.5YR-7-4]__bg[2.5GY-8-2]__tint15.png,2.5YR 7/4,2.5GY 8/2,15,21.0331123694011,16.851582355120723,1.0,False,80.0,desat
face1_n14_s134_rot+60_dx-04_dy-06.png,face1_n14_s134_rot+60_dx-04_dy-06__obj[5Y-3-6]__bg[2.5BG-3-2]__tint14.png,5Y 3/6,2.5BG 3/2,14,25.53964401954219,23.034822640961252,1.0,False,80.0,desat
face1_n15_s133_rot+31_dx+05_dy+14.png,face1_n15_s133_rot+31_dx+05_dy+14__obj[2.5PB-6-8]__bg[10G-4-2]__tint04.png,2.5PB 6/8,10G 4/2,4,28.392874184472042,27.739951965029086,1.0,False,80.0,desat
face1_n16_s130_rot+15_dx-06_dy+01.png,face1_n16_s130_rot+15_dx-06_dy+01__obj[7.5B-9-2]__bg[2.5Y-7-2]__tint15.png,7.5B 9/2,2.5Y 7/2,15,22.045979434882565,16.649804939618498,1.0,False,80.0,desat
face1_n17_s142_rot+08_dx-02_dy-05.png,face1_n17_s142_rot+08_dx-02_dy-05__obj[10PB-8-8]__bg[2.5G-5-2]__tint14.png,10PB 8/8,2.5G 5/2,14,36.21046255954306,36.183426150151256,0.8704028782227369,False,80.0,desat
face1_n18_s175_rot-40_dx+00_dy-10.png,face1_n18_s175_rot-40_dx+00_dy-10__obj[5G-9-2]__bg[2.5PB-6-2]__tint10.png,5G 9/2,2.5PB 6/2,10,25.946173339321124,25.69311066963458,1.0,False,80.0,desat
face1_n19_s142_rot+33_dx-02_dy+05.png,face1_n19_s142_rot+33_dx-02_dy+05__obj[5G-4-8]__bg[2.5G-3-2]__tint14.png,5G 4/8,2.5G 3/2,14,19.57605117483958,16.199022203296863,1.0,False,80.0,desat
face1_n20_s131_rot+51_dx+08_dy-05.png,face1_n20_s131_rot+51_dx+08_dy-05__obj[2.5RP-4-2]__bg[2.5P-8-2]__tint13.png,2.5RP 4/2,2.5P 8/2,13,35.08984364629331,34.0325869710937,1.0,False,80.0,desat
face2_n01_s176_rot-12_dx+10_dy+05.png,face2_n01_s176_rot-12_dx+10_dy+05__obj[2.5G-7-2]__bg[7.5B-8-2]__tint16.png,2.5G 7/2,7.5B 8/2,16,15.411691255760926,11.722316436822476,0.9460009363877296,False,80.0,desat
face2_n02_s159_rot-48_dx+07_dy-10.png,face2_n02_s159_rot-48_dx+07_dy-10__obj[5RP-7-4]__bg[10PB-3-2]__tint14.png,5RP 7/4,10PB 3/2,14,41.85048042230898,39.405595199004225,1.0,False,80.0,desat
face2_n03_s143_rot+36_dx+09_dy+02.png,face2_n03_s143_rot+36_dx+09_dy+02__obj[10P-6-6]__bg[2.5PB-4-2]__tint00.png,10P 6/6,2.5PB 4/2,0,27.41109059414504,27.411518373809127,1.0,False,80.0,desat
face2_n04_s182_rot+19_dx-02_dy-03.png,face2_n04_s182_rot+19_dx-02_dy-03__obj[2.5Y-4-10]__bg[5PB-8-2]__tint15.png,2.5Y 4/10,5PB 8/2,15,50.999736774653115,38.444539819472496,1.0,False,80.0,desat
face2_n05_s129_rot+42_dx+10_dy+08.png,face2_n05_s129_rot+42_dx+10_dy+08__obj[2.5RP-7-10]__bg[10Y-4-2]__tint08.png,2.5RP 7/10,10Y 4/2,8,44.58321390943697,44.07505305668263,1.0,False,80.0,desat
face2_n06_s174_rot+16_dx-03_dy-12.png,face2_n06_s174_rot+16_dx-03_dy-12__obj[10P-3-4]__bg[2.5BG-3-2]__tint06.png,10P 3/4,2.5BG 3/2,6,24.60061498762892,26.558601692360025,1.0,False,80.0,desat
face2_n07_s183_rot-39_dx+09_dy-05.png,face2_n07_s183_rot-39_dx+09_dy-05__obj[2.5R-5-10]__bg[10R-6-2]__tint15.png,2.5R 5/10,10R 6/2,15,18.626382301162057,19.42607343130891,1.0,False,80.0,desat
face2_n08_s189_rot-04_dx-11_dy-07.png,face2_n08_s189_rot-04_dx-11_dy-07__obj[5B-6-8]__bg[10R-3-2]__tint13.png,5B 6/8,10R 3/2,13,49.11193299068601,48.10171060143532,1.0,False,80.0,desat
face2_n09_s169_rot+42_dx-07_dy-05.png,face2_n09_s169_rot+42_dx-07_dy-05__obj[7.5PB-6-10]__bg[7.5Y-2-2]__tint00.png,7.5PB 6/10,7.5Y 2/2,0,48.969018208217996,48.97006027655319,1.0,False,80.0,desat
face2_n10_s176_rot-20_dx-04_dy+08.png,face2_n10_s176_rot-20_dx-04_dy+08__obj[2.5R-4-10]__bg[10GY-6-2]__tint09.png,2.5R 4/10,10GY 6/2,9,41.79369100617838,27.510578416655626,1.0,False,80.0,desat
face2_n11_s190_rot-19_dx-04_dy-13.png,face2_n11_s190_rot-19_dx-04_dy-13__obj[2.5G-8-6]__bg[7.5Y-6-2]__tint16.png,2.5G 8/6,7.5Y 6/2,16,25.761033591754043,24.320024880424036,1.0,False,80.0,desat
face2_n12_s163_rot+07_dx+03_dy+09.png,face2_n12_s163_rot+07_dx+03_dy+09__obj[10YR-6-6]__bg[5YR-6-2]__tint16.png,10YR 6/6,5YR 6/2,16,16.325546274626507,24.907439032402717,1.0,False,80.0,desat
face2_n13_s158_rot+26_dx+00_dy-09.png,face2_n13_s158_rot+26_dx+00_dy-09__obj[2.5P-8-10]__bg[2.5GY-4-2]__tint01.png,2.5P 8/10,2.5GY 4/2,1,51.452775265863245,49.931880917412904,0.7980525569784501,False,80.0,desat
face2_n14_s188_rot+18_dx+02_dy-09.png,face2_n14_s188_rot+18_dx+02_dy-09__obj[7.5P-8-6]__bg[2.5P-2-2]__tint01.png,7.5P 8/6,2.5P 2/2,1,61.002281404724116,61.35641096805409,1.0,False,80.0,desat
face2_n15_s139_rot-25_dx+00_dy+08.png,face2_n15_s139_rot-25_dx+00_dy+08__obj[2.5R-6-8]__bg[5RP-2-2]__tint16.png,2.5R 6/8,5RP 2/2,16,38.95898720263606,36.36638464988187,1.0,False,80.0,desat
face2_n16_s175_rot-03_dx-08_dy+04.png,face2_n16_s175_rot-03_dx-08_dy+04__obj[5R-8-6]__bg[7.5GY-3-2]__tint06.png,5R 8/6,7.5GY 3/2,6,56.7267152446887,55.43809431941739,1.0,False,80.0,desat
face2_n17_s170_rot-18_dx-03_dy+08.png,face2_n17_s170_rot-18_dx-03_dy+08__obj[7.5YR-7-6]__bg[2.5Y-4-2]__tint15.png,7.5YR 7/6,2.5Y 4/2,15,30.526927438060145,30.685441626575265,1.0,False,80.0,desat
face2_n18_s157_rot-46_dx+04_dy+04.png,face2_n18_s157_rot-46_dx+04_dy+04__obj[10YR-2-6]__bg[2.5YR-2-2]__tint07.png,10YR 2/6,2.5YR 2/2,7,17.385592479224677,14.05762473431766,1.0,False,80.0,desat
face2_n19_s151_rot-37_dx-02_dy+12.png,face2_n19_s151_rot-37_dx-02_dy+12__obj[10R-7-10]__bg[10B-7-2]__tint07.png,10R 7/10,10B 7/2,7,30.644575531819743,26.490821293329883,0.9059669032826358,False,80.0,desat
face2_n20_s164_rot+58_dx-04_dy+12.png,face2_n20_s164_rot+58_dx-04_dy+12__obj[10BG-8-8]__bg[2.5BG-6-2]__tint04.png,10BG 8/8,2.5BG 6/2,4,21.367578302665684,20.684158115385134,1.0,False,80.0,desat
face3_n01_s174_rot-38_dx-03_dy-01.png,face3_n01_s174_rot-38_dx-03_dy-01__obj[5YR-7-2]__bg[7.5PB-7-2]__tint05.png,5YR 7/2,7.5PB 7/2,5,13.3121647426283,12.059585345417728,1.0,False,80.0,desat
face3_n02_s163_rot-55_dx-01_dy+04.png,face3_n02_s163_rot-55_dx-01_dy+04__obj[10B-7-10]__bg[2.5BG-7-2]__tint11.png,10B 7/10,2.5BG 7/2,11,19.31927922461464,26.253731864886667,1.0,False,80.0,desat
face3_n03_s144_rot+17_dx+10_dy+07.png,face3_n03_s144_rot+17_dx+10_dy+07__obj[10Y-6-2]__bg[5P-3-2]__tint00.png,10Y 6/2,5P 3/2,0,37.53638269959525,37.53796520158898,1.0,False,80.0,desat
face3_n04_s129_rot+09_dx-08_dy+03.png,face3_n04_s129_rot+09_dx-08_dy+03__obj[2.5B-3-10]__bg[5Y-2-2]__tint05.png,2.5B 3/10,5Y 2/2,5,32.18846772687153,35.130067047754025,1.0,False,80.0,desat
face3_n05_s151_rot+56_dx+04_dy-05.png,face3_n05_s151_rot+56_dx+04_dy-05__obj[7.5BG-2-6]__bg[2.5R-4-2]__tint04.png,7.5BG 2/6,2.5R 4/2,4,45.48445300938198,42.19014819696417,1.0,False,80.0,desat
face3_n06_s142_rot+39_dx+07_dy+04.png,face3_n06_s142_rot+39_dx+07_dy+04__obj[5B-4-8]__bg[5P-6-2]__tint10.png,5B 4/8,5P 6/2,10,38.683476787206125,22.102413072081212,1.0,False,80.0,desat
face3_n07_s134_rot-42_dx+12_dy-04.png,face3_n07_s134_rot-42_dx+12_dy-04__obj[7.5GY-8-6]__bg[7.5BG-3-2]__tint13.png,7.5GY 8/6,7.5BG 3/2,13,52.75018363268152,53.634370369613066,1.0,False,80.0,desat
face3_n08_s138_rot+59_dx+00_dy-04.png,face3_n08_s138_rot+59_dx+00_dy-04__obj[5P-4-2]__bg[5R-5-2]__tint16.png,5P 4/2,5R 5/2,16,12.75050056772981,11.119757993269081,1.0,False,80.0,desat
face3_n09_s156_rot+33_dx+06_dy-04.png,face3_n09_s156_rot+33_dx+06_dy-04__obj[10R-7-4]__bg[7.5P-8-2]__tint15.png,10R 7/4,7.5P 8/2,15,15.674622942639054,11.136327115749378,1.0,False,80.0,desat
face3_n10_s166_rot+43_dx-05_dy+14.png,face3_n10_s166_rot+43_dx-05_dy+14__obj[5PB-4-2]__bg[2.5G-9-2]__tint00.png,5PB 4/2,2.5G 9/2,0,44.01645618268113,44.01684404053325,1.0,False,80.0,desat
face3_n11_s135_rot+13_dx+11_dy-04.png,face3_n11_s135_rot+13_dx+11_dy-04__obj[7.5PB-4-8]__bg[7.5PB-3-2]__tint06.png,7.5PB 4/8,7.5PB 3/2,6,14.702635547468825,13.250940392321843,1.0,False,80.0,desat
face3_n12_s154_rot+15_dx+05_dy+03.png,face3_n12_s154_rot+15_dx+05_dy+03__obj[10GY-9-8]__bg[7.5GY-3-2]__tint13.png,10GY 9/8,7.5GY 3/2,13,55.491162869202434,56.55460824535905,1.0,False,80.0,desat
face3_n13_s158_rot-39_dx+04_dy+00.png,face3_n13_s158_rot-39_dx+04_dy+00__obj[7.5P-6-10]__bg[5P-9-2]__tint08.png,7.5P 6/10,5P 9/2,8,26.202982134859262,25.23303803970078,0.8793164036088157,False,80.0,desat
face3_n14_s185_rot+23_dx+08_dy+02.png,face3_n14_s185_rot+23_dx+08_dy+02__obj[2.5GY-4-6]__bg[2.5R-9-2]__tint00.png,2.5GY 4/6,2.5R 9/2,0,52.57156880569885,52.570221290502204,1.0,False,80.0,desat
face3_n15_s164_rot+25_dx-11_dy+03.png,face3_n15_s164_rot+25_dx-11_dy+03__obj[7.5P-6-2]__bg[10Y-4-2]__tint02.png,7.5P 6/2,10Y 4/2,2,30.045195967330713,29.971907705669086,1.0,False,80.0,desat
face3_n16_s157_rot+51_dx-09_dy-09.png,face3_n16_s157_rot+51_dx-09_dy-09__obj[10RP-4-8]__bg[7.5Y-3-2]__tint02.png,10RP 4/8,7.5Y 3/2,2,29.288650485156303,31.91562318627888,1.0,False,80.0,desat
face3_n17_s153_rot-09_dx-06_dy-08.png,face3_n17_s153_rot-09_dx-06_dy-08__obj[5G-2-2]__bg[5G-3-2]__tint04.png,5G 2/2,5G 3/2,4,7.520306014672646,7.52992457839628,1.0,False,80.0,desat
face3_n18_s162_rot+39_dx+02_dy+03.png,face3_n18_s162_rot+39_dx+02_dy+03__obj[7.5P-5-6]__bg[7.5PB-7-2]__tint05.png,7.5P 5/6,7.5PB 7/2,5,21.489454576227708,18.700003403985686,1.0,False,80.0,desat
face3_n19_s167_rot+11_dx+11_dy-06.png,face3_n19_s167_rot+11_dx+11_dy-06__obj[5Y-8-8]__bg[7.5BG-8-2]__tint12.png,5Y 8/8,7.5BG 8/2,12,31.950159644202888,43.27029711609324,1.0,False,80.0,desat
face3_n20_s184_rot-45_dx-03_dy-11.png,face3_n20_s184_rot-45_dx-03_dy-11__obj[10GY-5-8]__bg[7.5G-6-2]__tint06.png,10GY 5/8,7.5G 6/2,6,21.93017932921299,19.95994557434504,1.0,False,80.0,desat
flower1_n01_s162_rot+00_dx+08_dy+04.png,flower1_n01_s162_rot+00_dx+08_dy+04__obj[7.5R-7-6]__bg[10G-9-2]__tint12.png,7.5R 7/6,10G 9/2,12,36.145251838081094,36.44531606149558,0.9090583166327,False,80.0,desat
flower1_n02_s133_rot+47_dx-09_dy-07.png,flower1_n02_s133_rot+47_dx-09_dy-07__obj[5GY-9-6]__bg[7.5G-3-2]__tint09.png,5GY 9/6,7.5G 3/2,9,56.375212126773256,57.15878340647093,1.0,False,80.0,desat
flower1_n03_s131_rot-49_dx+07_dy-12.png,flower1_n03_s131_rot-49_dx+07_dy-12__obj[2.5BG-2-8]__bg[10YR-4-2]__tint16.png,2.5BG 2/8,10YR 4/2,16,35.117213112602464,35.05461656403095,1.0,False,80.0,desat
flower1_n04_s130_rot+60_dx-01_dy+11.png,flower1_n04_s130_rot+60_dx-01_dy+11__obj[10RP-6-8]__bg[2.5P-4-2]__tint00.png,10RP 6/8,2.5P 4/2,0,27.266360911278905,27.266626561496693,1.0,False,80.0,desat
flower1_n05_s133_rot+32_dx-05_dy-01.png,flower1_n05_s133_rot+32_dx-05_dy-01__obj[10P-9-6]__bg[7.5G-3-2]__tint09.png,10P 9/6,7.5G 3/2,9,57.79144052341028,56.78628898831201,0.6593957231705226,False,80.0,desat
flower1_n06_s184_rot+50_dx-04_dy-03.png,flower1_n06_s184_rot+50_dx-04_dy-03__obj[10RP-2-6]__bg[10G-8-2]__tint00.png,10RP 2/6,10G 8/2,0,66.11989618644938,66.12105924092563,1.0,False,80.0,desat
flower1_n07_s190_rot+56_dx-07_dy+05.png,flower1_n07_s190_rot+56_dx-07_dy+05__obj[2.5P-9-4]__bg[5GY-3-2]__tint02.png,2.5P 9/4,5GY 3/2,2,59.6739371228932,57.67386829949794,0.9191573801371271,False,80.0,desat
flower1_n08_s169_rot+20_dx-06_dy+12.png,flower1_n08_s169_rot+20_dx-06_dy+12__obj[10G-5-2]__bg[2.5GY-8-2]__tint01.png,10G 5/2,2.5GY 8/2,1,27.114492485294225,28.312790752764442,1.0,False,80.0,desat
flower1_n09_s191_rot-25_dx+06_dy-13.png,flower1_n09_s191_rot-25_dx+06_dy-13__obj[10R-2-6]__bg[10P-6-2]__tint01.png,10R 2/6,10P 6/2,1,40.0201980635896,39.4072261662604,1.0,False,80.0,desat
flower1_n10_s132_rot-05_dx-03_dy+06.png,flower1_n10_s132_rot-05_dx-03_dy+06__obj[7.5B-6-6]__bg[10BG-3-2]__tint00.png,7.5B 6/6,10BG 3/2,0,31.082976970509396,31.08359851002263,1.0,False,80.0,desat
flower1_n11_s179_rot+44_dx+13_dy+00.png,flower1_n11_s179_rot+44_dx+13_dy+00__obj[2.5B-7-8]__bg[7.5P-2-2]__tint14.png,2.5B 7/8,7.5P 2/2,14,61.61628596965366,58.25835570941426,1.0,False,80.0,desat
flower1_n12_s187_rot-10_dx-03_dy+04.png,flower1_n12_s187_rot-10_dx-03_dy+04__obj[7.5RP-4-6]__bg[7.5PB-3-2]__tint12.png,7.5RP 4/6,7.5PB 3/2,12,20.365619886280125,18.40908929540856,1.0,False,80.0,desat
flower1_n13_s191_rot+15_dx+03_dy+12.png,flower1_n13_s191_rot+15_dx+03_dy+12__obj[7.5G-2-6]__bg[5R-3-2]__tint15.png,7.5G 2/6,5R 3/2,15,39.72487458819326,38.357734962493566,1.0,False,80.0,desat
flower1_n14_s144_rot+51_dx-03_dy-08.png,flower1_n14_s144_rot+51_dx-03_dy-08__obj[5G-2-8]__bg[10PB-2-2]__tint00.png,5G 2/8,10PB 2/2,0,31.04355818570699,31.043183264388635,1.0,False,80.0,desat
flower1_n15_s143_rot-57_dx+03_dy-10.png,flower1_n15_s143_rot-57_dx+03_dy-10__obj[5BG-7-6]__bg[7.5R-9-2]__tint16.png,5BG 7/6,7.5R 9/2,16,44.61974133771746,25.69735963071332,0.857406497777811,False,80.0,desat
flower1_n16_s148_rot-23_dx-03_dy+02.png,flower1_n16_s148_rot-23_dx-03_dy+02__obj[5R-5-4]__bg[5G-6-2]__tint03.png,5R 5/4,5G 6/2,3,32.96198380450579,33.16440953253116,1.0,False,80.0,desat
flower1_n17_s156_rot+59_dx-14_dy+03.png,flower1_n17_s156_rot+59_dx-14_dy+03__obj[2.5R-6-4]__bg[10P-9-2]__tint08.png,2.5R 6/4,10P 9/2,8,23.40931179473325,24.548988327491756,0.9152214956779686,False,80.0,desat
flower1_n18_s143_rot+18_dx+04_dy-02.png,flower1_n18_s143_rot+18_dx+04_dy-02__obj[10P-6-10]__bg[5Y-3-2]__tint05.png,10P 6/10,5Y 3/2,5,43.3680838386653,41.9180299861639,1.0,False,80.0,desat
flower1_n19_s165_rot+01_dx+03_dy-05.png,flower1_n19_s165_rot+01_dx+03_dy-05__obj[2.5Y-6-10]__bg[7.5GY-5-2]__tint07.png,2.5Y 6/10,7.5GY 5/2,7,27.208540555832062,25.011733038006422,1.0,False,80.0,desat
flower1_n20_s188_rot-31_dx-07_dy+06.png,flower1_n20_s188_rot-31_dx-07_dy+06__obj[10Y-2-2]__bg[5P-3-2]__tint09.png,10Y 2/2,5P 3/2,9,23.439567656512757,20.37848502574228,1.0,False,80.0,desat
flower2_n01_s145_rot+44_dx+02_dy-06.png,flower2_n01_s145_rot+44_dx+02_dy-06__obj[10P-2-10]__bg[7.5PB-3-2]__tint11.png,10P 2/10,7.5PB 3/2,11,19.44948885633366,20.895978284266977,1.0,False,80.0,desat
flower2_n02_s181_rot-19_dx-01_dy+12.png,flower2_n02_s181_rot-19_dx-01_dy+12__obj[7.5P-7-10]__bg[2.5PB-5-2]__tint14.png,7.5P 7/10,2.5PB 5/2,14,25.514671167482398,24.48890181658264,1.0,False,80.0,desat
flower2_n03_s128_rot-26_dx-06_dy-03.png,flower2_n03_s128_rot-26_dx-06_dy-03__obj[2.5YR-7-4]__bg[7.5YR-7-2]__tint10.png,2.5YR 7/4,7.5YR 7/2,10,6.9457557687058555,9.455513453061842,1.0,False,80.0,desat
flower2_n04_s190_rot+44_dx-08_dy+01.png,flower2_n04_s190_rot+44_dx-08_dy+01__obj[7.5YR-4-2]__bg[7.5G-2-2]__tint08.png,7.5YR 4/2,7.5G 2/2,8,25.071961121268085,24.285630433832917,1.0,False,80.0,desat
flower2_n05_s170_rot+06_dx-09_dy+03.png,flower2_n05_s170_rot+06_dx-09_dy+03__obj[2.5Y-4-4]__bg[2.5BG-8-2]__tint14.png,2.5Y 4/4,2.5BG 8/2,14,41.92716408165452,41.46623749727472,1.0,False,80.0,desat
flower2_n06_s169_rot+44_dx+01_dy+15.png,flower2_n06_s169_rot+44_dx+01_dy+15__obj[5R-4-6]__bg[2.5G-4-2]__tint14.png,5R 4/6,2.5G 4/2,14,34.07994995034023,35.14740045440148,1.0,False,80.0,desat
flower2_n07_s177_rot-32_dx+12_dy+03.png,flower2_n07_s177_rot-32_dx+12_dy+03__obj[10YR-5-4]__bg[5B-8-2]__tint14.png,10YR 5/4,5B 8/2,14,34.42660633344122,33.696738580892216,1.0,False,80.0,desat
flower2_n08_s188_rot+25_dx-10_dy+08.png,flower2_n08_s188_rot+25_dx-10_dy+08__obj[10Y-9-10]__bg[2.5Y-8-2]__tint02.png,10Y 9/10,2.5Y 8/2,2,24.45693929392662,22.646839440736827,1.0,False,80.0,desat
flower2_n09_s147_rot-01_dx-03_dy+00.png,flower2_n09_s147_rot-01_dx-03_dy+00__obj[2.5P-2-2]__bg[10PB-8-2]__tint15.png,2.5P 2/2,10PB 8/2,15,60.294382233852325,61.34063963467001,1.0,False,80.0,desat
flower2_n10_s170_rot+44_dx-13_dy+05.png,flower2_n10_s170_rot+44_dx-13_dy+05__obj[5PB-2-8]__bg[2.5G-4-2]__tint07.png,5PB 2/8,2.5G 4/2,7,30.177598389654644,33.19374784095648,1.0,False,80.0,desat
flower2_n11_s186_rot-58_dx+03_dy-03.png,flower2_n11_s186_rot-58_dx+03_dy-03__obj[2.5GY-8-8]__bg[7.5P-3-2]__tint00.png,2.5GY 8/8,7.5P 3/2,0,63.348960454285,63.34874839686059,1.0,False,80.0,desat
flower2_n12_s147_rot-51_dx-01_dy+12.png,flower2_n12_s147_rot-51_dx-01_dy+12__obj[2.5Y-4-8]__bg[7.5RP-8-2]__tint14.png,2.5Y 4/8,7.5RP 8/2,14,47.182986971305596,46.128746584158236,1.0,False,80.0,desat
flower2_n13_s178_rot+18_dx+08_dy-11.png,flower2_n13_s178_rot+18_dx+08_dy-11__obj[5GY-2-4]__bg[2.5RP-8-2]__tint04.png,5GY 2/4,2.5RP 8/2,4,67.6689793592866,68.73152859178334,1.0,False,80.0,desat
flower2_n14_s176_rot+54_dx+08_dy-07.png,flower2_n14_s176_rot+54_dx+08_dy-07__obj[7.5P-4-8]__bg[10BG-9-2]__tint08.png,7.5P 4/8,10BG 9/2,8,44.74134739303439,44.95609646186726,0.8990300645457168,False,80.0,desat
flower2_n15_s190_rot+45_dx+03_dy+01.png,flower2_n15_s190_rot+45_dx+03_dy+01__obj[5G-3-8]__bg[2.5BG-3-2]__tint14.png,5G 3/8,2.5BG 3/2,14,18.175873390467803,13.222630539788751,1.0,False,80.0,desat
flower2_n16_s164_rot+60_dx-11_dy+05.png,flower2_n16_s164_rot+60_dx-11_dy+05__obj[5R-4-4]__bg[7.5RP-6-2]__tint14.png,5R 4/4,7.5RP 6/2,14,22.296266524300176,28.385863373267078,1.0,False,80.0,desat
flower2_n17_s140_rot+31_dx+09_dy+07.png,flower2_n17_s140_rot+31_dx+09_dy+07__obj[10RP-6-4]__bg[5YR-9-2]__tint13.png,10RP 6/4,5YR 9/2,13,22.934383992010996,20.427834244204274,0.7059066925894837,False,80.0,desat
flower2_n18_s149_rot+23_dx+13_dy+04.png,flower2_n18_s149_rot+23_dx+13_dy+04__obj[2.5RP-4-2]__bg[2.5Y-6-2]__tint09.png,2.5RP 4/2,2.5Y 6/2,9,26.156947126628406,23.276198178488322,1.0,False,80.0,desat
flower2_n19_s135_rot-25_dx+05_dy+06.png,flower2_n19_s135_rot-25_dx+05_dy+06__obj[10P-4-10]__bg[10BG-7-2]__tint11.png,10P 4/10,10BG 7/2,11,34.37625068770108,46.33857535338771,1.0,False,80.0,desat
flower2_n20_s180_rot+08_dx+06_dy+11.png,flower2_n20_s180_rot+08_dx+06_dy+11__obj[2.5YR-8-6]__bg[7.5GY-3-2]__tint05.png,2.5YR 8/6,7.5GY 3/2,5,54.697157729043745,53.984721529239636,0.7999527425668321,False,80.0,desat
flower3_n01_s138_rot+13_dx-03_dy-07.png,flower3_n01_s138_rot+13_dx-03_dy-07__obj[5BG-4-10]__bg[2.5YR-6-2]__tint01.png,5BG 4/10,2.5YR 6/2,1,43.19944037970517,47.933892100808514,1.0,False,80.0,desat
flower3_n02_s191_rot+50_dx-05_dy+01.png,flower3_n02_s191_rot+50_dx-05_dy+01__obj[5Y-9-8]__bg[10PB-7-2]__tint05.png,5Y 9/8,10PB 7/2,5,39.678167848988636,40.55610235158397,0.776461698075925,False,80.0,desat
flower3_n03_s160_rot-05_dx+09_dy-07.png,flower3_n03_s160_rot-05_dx+09_dy-07__obj[2.5RP-8-8]__bg[10RP-7-2]__tint00.png,2.5RP 8/8,10RP 7/2,0,15.415306504522684,15.415964311308985,0.9796768678856881,False,80.0,desat
flower3_n04_s187_rot+48_dx+06_dy+09.png,flower3_n04_s187_rot+48_dx+06_dy+09__obj[7.5P-8-6]__bg[10Y-4-2]__tint13.png,7.5P 8/6,10Y 4/2,13,46.571001994512486,42.57814464621538,0.8565756685786547,False,80.0,desat
flower3_n05_s184_rot+53_dx-05_dy+14.png,flower3_n05_s184_rot+53_dx-05_dy+14__obj[5BG-4-2]__bg[10PB-6-2]__tint15.png,5BG 4/2,10PB 6/2,15,26.484435139170408,27.519756760367827,1.0,False,80.0,desat
flower3_n06_s182_rot+23_dx-03_dy+08.png,flower3_n06_s182_rot+23_dx-03_dy+08__obj[7.5YR-7-8]__bg[10YR-3-2]__tint09.png,7.5YR 7/8,10YR 3/2,9,43.23720825729958,44.43124760948956,0.939042402283298,False,80.0,desat
flower3_n07_s177_rot+42_dx-03_dy+03.png,flower3_n07_s177_rot+42_dx-03_dy+03__obj[7.5BG-6-10]__bg[10G-6-2]__tint10.png,7.5BG 6/10,10G 6/2,10,17.94566136557856,12.03651610022784,1.0,False,80.0,desat
flower3_n08_s173_rot+09_dx-04_dy+14.png,flower3_n08_s173_rot+09_dx-04_dy+14__obj[2.5R-5-6]__bg[2.5R-6-2]__tint04.png,2.5R 5/6,2.5R 6/2,4,14.709449777260494,15.166190834429925,1.0,False,80.0,desat
flower3_n09_s178_rot-27_dx-04_dy-09.png,flower3_n09_s178_rot-27_dx-04_dy-09__obj[2.5YR-2-10]__bg[7.5BG-6-2]__tint01.png,2.5YR 2/10,7.5BG 6/2,1,51.074101232294154,47.95468196209498,1.0,False,80.0,desat
flower3_n10_s134_rot+49_dx+06_dy-10.png,flower3_n10_s134_rot+49_dx+06_dy-10__obj[2.5YR-9-4]__bg[2.5PB-3-2]__tint12.png,2.5YR 9/4,2.5PB 3/2,12,57.37295823797344,54.64905783505906,1.0,False,80.0,desat
flower3_n11_s164_rot+33_dx+02_dy-05.png,flower3_n11_s164_rot+33_dx+02_dy-05__obj[5B-8-10]__bg[7.5RP-2-2]__tint04.png,5B 8/10,7.5RP 2/2,4,76.24274057516831,75.33513781690866,0.7750946244256124,False,80.0,desat
flower3_n12_s156_rot+16_dx-05_dy-09.png,flower3_n12_s156_rot+16_dx-05_dy-09__obj[5YR-8-6]__bg[5RP-9-2]__tint03.png,5YR 8/6,5RP 9/2,3,22.089865676753508,19.674282077307623,0.9713508876803962,False,80.0,desat
flower3_n13_s145_rot+15_dx-08_dy-11.png,flower3_n13_s145_rot+15_dx-08_dy-11__obj[7.5P-2-10]__bg[7.5BG-4-2]__tint12.png,7.5P 2/10,7.5BG 4/2,12,23.35549867527562,24.359779181535497,1.0,False,80.0,desat
flower3_n14_s167_rot+35_dx-02_dy+03.png,flower3_n14_s167_rot+35_dx-02_dy+03__obj[10R-6-10]__bg[10BG-5-2]__tint14.png,10R 6/10,10BG 5/2,14,36.594999422617924,33.6233487467015,1.0,False,80.0,desat
flower3_n15_s144_rot-49_dx+00_dy-07.png,flower3_n15_s144_rot-49_dx+00_dy-07__obj[5Y-7-6]__bg[10PB-4-2]__tint06.png,5Y 7/6,10PB 4/2,6,44.355614228835144,44.53348367753399,1.0,False,80.0,desat
flower3_n16_s150_rot-36_dx+09_dy-09.png,flower3_n16_s150_rot-36_dx+09_dy-09__obj[2.5Y-5-6]__bg[2.5PB-3-2]__tint00.png,2.5Y 5/6,2.5PB 3/2,0,36.2935961342952,36.29372485389014,1.0,False,80.0,desat
flower3_n17_s174_rot+04_dx+07_dy-12.png,flower3_n17_s174_rot+04_dx+07_dy-12__obj[7.5R-9-4]__bg[7.5Y-2-2]__tint07.png,7.5R 9/4,7.5Y 2/2,7,69.14427991678464,68.45445907699009,0.7864099424034123,False,80.0,desat
flower3_n18_s160_rot+50_dx+14_dy-03.png,flower3_n18_s160_rot+50_dx+14_dy-03__obj[2.5G-6-10]__bg[2.5G-7-2]__tint04.png,2.5G 6/10,2.5G 7/2,4,20.97489410395461,22.44891805077299,1.0,False,80.0,desat
flower3_n19_s165_rot+30_dx+05_dy+05.png,flower3_n19_s165_rot+30_dx+05_dy+05__obj[7.5YR-3-2]__bg[7.5YR-5-2]__tint04.png,7.5YR 3/2,7.5YR 5/2,4,18.339013064219237,18.380194620837525,1.0,False,80.0,desat
flower3_n20_s137_rot-43_dx+09_dy-11.png,flower3_n20_s137_rot-43_dx+09_dy-11__obj[10YR-6-10]__bg[2.5B-4-2]__tint14.png,10YR 6/10,2.5B 4/2,14,40.642101565954164,36.6655808379068,1.0,False,80.0,desat
